id,submitdate,lastpage,startlanguage,startdate,age,sex,education_highest,education_highest_number,ati01,ati02,ati03R,ati04,ati05,ati06R,ati07,ati08R,ati09,ati_mean,tsls_01,tpss_01,tpss_02R,tsls_02,tpss_03,tsls_03R,tpss_04,interest01,interest02,interest03,interest04R,nfc01,nfc02R,nfc03,nfc04R,gex01,gex02R,gex03,gex04,gex05,gex06,gex07R,gex08,gex09,gex10,gex11,gex12,gex13,gex14,gex15,bfi01R,bfi02,bfi03R,bfi04R,bfi05R,bfi06,bfi07R,bfi08,bfi09,bfi10,rfs01,rfs02,rfs03,rfs04,rfs05,rfs06,bfi10_extraversion,bfi10_conscienciousness,bfi10_neuroticism,bfi10_openness,bfi10_agreeableness,gex15_mean,nfc4_mean,tsls_mean,tpss_mean,interest_mean,ip_country,ip_region
15,2017-08-31T10:39:47Z,7,en,2017-08-31T10:26:28Z,27,male,high school graduate high school graduate,2,5,6,3,5,5,4,4,3,5,4.444444444444445,5,5,5,5,6,5,4,2,4,6,5,5,5,4,4,5,5,4,5,6,6,7,4,6,5,5,6,4,6,6,1,4,2,4,2,3,3,4,4,4,4,6,4,5,6,4,2,3,4,3,3.5,5.333333333333333,4.5,5,5,4.25,United States,New Jersey
17,2017-08-31T10:41:09Z,7,en,2017-08-31T10:28:50Z,51,male,high school graduate high school graduate,2,4,5,4,5,5,3,5,2,6,4.333333333333333,5,5,3,5,3,6,5,3,2,4,6,3,3,3,6,6,5,1,4,5,2,2,1,6,5,6,1,1,5,6,2,5,5,3,5,4,3,5,1,4,6,6,5,4,6,5,3,5,2,4.5,4,3.7333333333333334,3.75,5.333333333333333,4,3.75,United States,NA
19,2017-08-31T10:38:55Z,7,en,2017-08-31T10:29:20Z,25,female,bachelor/master degree bachelor/master degree,3,5,6,3,6,6,6,5,5,6,5.333333333333333,5,6,5,6,5,5,5,4,2,5,5,5,7,7,7,6,7,4,5,2,3,6,6,7,6,7,7,6,7,4,4,4,5,2,5,4,5,5,2,5,6,5,2,6,5,6,4,5,2,5,4.5,5.533333333333333,6.5,5.333333333333333,5.25,4,United States,New York
20,1582-10-14T00:16:39Z,6,en,2017-08-31T10:29:46Z,36,male,higher than master (e.g. PhD) higher than master (e.g. PhD),4,6,6,5,6,6,6,6,6,6,5.888888888888889,6,6,5,6,6,6,5,6,6,6,6,7,7,6,7,7,7,7,7,7,7,7,7,7,7,7,7,7,4,7,2,5,5,1,5,5,4,5,1,5,7,7,1,7,7,7,3.5,5,1,5,4.5,6.8,6.75,6,5.5,6,United States,New Jersey
21,2017-08-31T10:40:00Z,7,en,2017-08-31T10:29:52Z,27,male,bachelor/master degree bachelor/master degree,3,5,5,2,6,6,6,6,6,6,5.333333333333333,6,5,6,6,6,6,5,4,5,5,6,5,7,5,7,7,7,5,6,5,6,7,5,6,6,7,6,6,7,7,2,4,5,1,5,4,2,5,1,5,6,6,1,6,6,4,3,5,1,5,3,6.2,6,6,5.5,5,United States,California
22,2017-08-31T10:38:48Z,7,en,2017-08-31T10:30:15Z,25,female,bachelor/master degree bachelor/master degree,3,5,6,5,5,6,5,5,3,5,5,6,6,6,5,6,6,5,5,3,5,5,6,6,7,7,7,6,3,3,5,2,6,6,6,6,7,6,2,6,6,1,4,5,4,5,1,2,5,5,5,5,6,2,5,6,5,1,5,4.5,5,3,5.133333333333334,6.5,5.666666666666667,5.75,4.5,United States,Arkansas
23,2017-08-31T10:38:04Z,7,en,2017-08-31T10:30:17Z,27,female,high school graduate high school graduate,2,4,4,3,5,5,2,4,2,5,3.7777777777777777,5,5,5,4,4,5,4,4,4,4,5,3,2,2,3,4,4,4,4,4,4,4,4,5,5,5,4,4,4,6,4,5,4,2,5,4,5,4,1,4,5,5,5,5,5,5,4,4,1.5,4.5,5,4.333333333333333,2.5,4.666666666666667,4.5,4.25,United States,Arizona
24,1582-10-14T00:16:39Z,6,en,2017-08-31T10:30:19Z,25,female,high school graduate high school graduate,2,1,3,2,4,4,3,2,3,4,2.888888888888889,5,5,5,5,3,3,3,2,1,1,2,4,4,3,3,1,1,5,2,6,1,2,1,4,2,2,2,5,3,3,2,4,2,4,2,1,3,4,4,2,1,1,6,4,2,1,1.5,3,4,2,3.5,2.6666666666666665,3.5,4.333333333333333,4,1.5,United States,Rhode Island
29,2017-08-31T10:40:12Z,7,en,2017-08-31T10:32:45Z,35,male,bachelor/master degree bachelor/master degree,3,4,5,2,4,4,5,5,4,5,4.222222222222222,5,6,6,5,5,6,5,3,4,4,4,2,7,4,6,6,6,7,6,7,5,6,5,7,5,6,6,5,7,7,1,4,5,4,4,1,5,5,5,5,5,4,2,6,6,2,1,5,4.5,4.5,4.5,6.066666666666666,4.75,5.333333333333333,5.5,3.75,United States,Kentucky
30,2017-08-31T10:43:50Z,7,en,2017-08-31T10:33:17Z,35,female,high school graduate high school graduate,2,4,6,5,6,6,6,5,5,6,5.444444444444445,6,6,6,6,5,6,4,4,3,5,5,7,7,6,7,6,7,5,5,1,4,6,6,5,5,6,5,4,7,7,5,2,5,3,5,5,2,5,1,5,5,6,2,5,5,5,5,5,2,5,2,5.266666666666667,6.75,6,5.25,4.25,United States,Kentucky
32,2017-08-31T10:47:51Z,7,en,2017-08-31T10:38:22Z,26,female,bachelor/master degree bachelor/master degree,3,6,5,4,5,6,4,4,2,5,4.555555555555555,5,6,5,5,6,3,4,3,2,5,5,3,4,6,6,4,6,2,4,4,2,3,3,3,2,4,5,3,5,3,1,2,4,1,5,4,5,5,1,4,2,5,5,5,5,2,2.5,4.5,1,4.5,3.5,3.533333333333333,4.75,4.333333333333333,5.25,3.75,United States,Georgia
33,2017-08-31T10:48:15Z,7,en,2017-08-31T10:38:41Z,23,female,high school graduate high school graduate,2,4,3,3,4,4,4,4,2,5,3.6666666666666665,6,6,5,6,6,5,5,2,4,3,4,7,6,6,7,5,5,2,6,7,1,5,5,5,2,3,5,2,5,7,1,3,2,4,5,1,2,5,5,5,4,5,2,7,4,3,1,3.5,4.5,5,2.5,4.333333333333333,6.5,5.666666666666667,5.5,3.25,United States,Massachusetts
36,2017-08-31T10:49:42Z,7,en,2017-08-31T10:40:53Z,41,female,high school graduate high school graduate,2,4,5,4,5,5,5,5,5,6,4.888888888888889,3,4,4,4,4,4,3,3,2,3,5,4,5,3,6,5,4,3,5,4,3,4,4,5,4,6,6,2,4,6,4,3,5,2,3,5,4,4,3,3,4,3,3,6,4,2,4.5,4.5,2.5,3,3.5,4.333333333333333,4.5,3.6666666666666665,3.75,3.25,United States,Missouri
40,2017-08-31T10:57:23Z,7,en,2017-08-31T10:44:06Z,32,female,higher than master (e.g. PhD) higher than master (e.g. PhD),4,5,4,3,4,4,4,4,3,4,3.888888888888889,3,4,3,4,4,4,3,2,2,4,5,7,6,6,6,5,6,1,1,1,1,2,6,4,4,4,2,2,3,2,5,5,2,5,3,5,1,5,4,4,1,5,3,3,2,1,5,3.5,4.5,3.5,3,2.933333333333333,6.25,3.6666666666666665,3.5,3.25,United States,New York
41,2017-08-31T11:09:58Z,7,en,2017-08-31T10:47:20Z,34,female,bachelor/master degree bachelor/master degree,3,4,4,2,5,5,6,5,3,5,4.333333333333333,4,4,3,4,4,4,3,6,4,4,4,1,4,1,4,7,1,4,3,5,5,1,1,6,6,5,5,1,2,2,1,5,5,2,5,4,5,5,3,5,2,4,4,7,5,6,2.5,5,2.5,5,5,3.6,2.5,4,3.5,4.5,United States,Washington
42,2017-08-31T10:54:51Z,7,en,2017-08-31T10:48:03Z,33,male,bachelor/master degree bachelor/master degree,3,4,5,3,4,3,1,5,6,4,3.888888888888889,3,3,3,6,5,6,2,3,4,1,4,4,5,2,3,3,4,7,6,2,4,4,6,3,2,4,6,6,5,6,2,3,4,4,2,5,2,2,1,3,6,6,3,2,2,5,3.5,3,2.5,2.5,2.5,4.533333333333333,3.5,5,3.25,3,United States,Illinois
43,2017-08-31T11:01:16Z,7,en,2017-08-31T10:50:23Z,50,male,bachelor/master degree bachelor/master degree,3,4,5,3,5,5,5,4,4,5,4.444444444444445,5,5,4,5,6,4,3,4,4,5,4,6,4,6,6,6,5,4,5,5,4,6,5,5,4,5,6,6,4,7,3,5,4,2,4,4,4,4,2,4,5,5,3,6,6,3,3.5,4,2,4,4.5,5.133333333333334,5.5,4.666666666666667,4.5,4.25,United States,Nevada
45,2017-08-31T11:00:12Z,7,en,2017-08-31T10:54:04Z,32,male,higher than master (e.g. PhD) higher than master (e.g. PhD),4,5,5,4,5,5,4,5,4,5,4.666666666666667,5,5,5,5,5,5,4,5,4,5,5,6,6,6,4,6,5,5,7,4,5,4,6,5,5,5,6,5,5,6,4,4,1,3,4,4,3,3,3,4,5,5,2,5,6,7,4,2,3,4,3.5,5.266666666666667,5.5,5,4.75,4.75,United States,New Jersey
48,2017-08-31T11:10:40Z,7,en,2017-08-31T10:58:26Z,30,male,high school graduate high school graduate,2,6,6,5,5,6,4,5,3,6,5.111111111111111,5,4,3,6,5,3,3,4,5,6,6,5,6,4,4,7,4,1,4,7,2,3,5,4,4,5,7,5,3,2,2,5,3,1,4,4,3,4,3,4,5,5,5,6,7,4,3,3.5,2,4,4,4.2,4.75,4.666666666666667,3.75,5.25,United States,California
49,2017-08-31T11:17:29Z,7,en,2017-08-31T11:03:02Z,45,male,high school graduate high school graduate,2,1,1,6,1,1,2,1,1,1,1.6666666666666667,1,1,1,1,1,5,1,1,1,1,1,5,1,6,7,1,2,1,1,1,1,1,1,1,1,1,1,1,7,1,1,5,5,1,2,3,3,5,1,1,1,1,1,1,1,1,2,5,1,1.5,4,1.4666666666666666,4.75,2.3333333333333335,1,1,United States,California
50,2017-08-31T11:11:35Z,7,en,2017-08-31T11:03:06Z,44,female,high school graduate high school graduate,2,3,3,4,4,5,2,3,3,3,3.3333333333333335,4,4,2,4,4,2,3,3,2,2,2,5,5,5,6,2,3,2,5,2,2,2,4,4,4,3,3,3,5,4,1,4,4,1,3,3,2,4,3,3,4,3,4,4,3,3,2,4,2,3,3,3.2,5.25,3.3333333333333335,3.25,2.25,United States,NA
53,2017-08-31T11:14:29Z,7,en,2017-08-31T11:07:26Z,28,female,bachelor/master degree bachelor/master degree,3,5,5,5,5,5,5,5,2,5,4.666666666666667,4,4,5,5,5,5,5,5,5,5,5,6,6,6,6,6,6,2,4,4,4,6,5,4,5,5,5,2,6,6,2,5,5,2,5,2,5,5,2,5,5,6,2,5,5,5,2,5,2,5,5,4.666666666666667,6,4.666666666666667,4.75,5,United States,California
54,2017-08-31T11:12:55Z,7,en,2017-08-31T11:07:35Z,44,female,bachelor/master degree bachelor/master degree,3,5,4,2,5,5,4,4,2,6,4.111111111111111,4,4,3,5,3,5,4,3,2,2,3,5,6,6,5,3,6,3,4,3,1,6,4,3,2,3,1,1,4,5,2,4,4,1,2,4,5,5,2,3,2,4,5,3,5,3,3,4.5,1.5,2.5,4.5,3.2666666666666666,5.5,4.666666666666667,3.5,2.5,United States,Arkansas
55,2017-08-31T11:33:22Z,7,en,2017-08-31T11:07:47Z,55,female,high school graduate high school graduate,2,2,4,4,4,4,3,2,3,4,3.3333333333333335,4,2,4,4,4,4,2,4,3,3,3,3,3,3,5,2,3,5,5,3,5,5,3,3,3,5,5,3,5,3,4,2,4,4,4,4,4,4,2,4,3,3,3,3,3,3,4,4,3,4,3,3.8666666666666667,3.5,4,3,3.25,United States,Georgia
56,2017-08-31T11:20:09Z,7,en,2017-08-31T11:08:57Z,45,male,high school graduate high school graduate,2,5,5,1,4,4,2,4,2,5,3.5555555555555554,4,1,1,3,5,3,1,3,4,4,5,4,1,2,4,2,1,2,2,1,1,1,1,4,3,3,7,3,1,1,1,3,2,4,4,5,2,4,5,3,4,2,7,3,6,5,3,3,4.5,3.5,2.5,2.2,2.75,3.3333333333333335,2,4,United States,Nevada
57,2017-08-31T11:24:37Z,7,en,2017-08-31T11:16:57Z,28,male,bachelor/master degree bachelor/master degree,3,5,5,4,4,4,4,4,4,5,4.333333333333333,5,5,4,4,5,4,4,3,4,4,4,6,5,5,4,5,5,3,6,4,2,5,5,5,5,4,3,3,6,6,1,5,2,1,1,1,5,5,2,3,2,4,3,5,5,5,1,3.5,1.5,2,5,4.466666666666667,5,4.333333333333333,4.5,3.75,United States,Ohio
58,2017-08-31T11:38:25Z,7,en,2017-08-31T11:20:55Z,35,female,high school graduate high school graduate,2,5,4,3,3,3,2,2,2,3,3,3,3,3,4,3,3,3,3,3,3,2,6,2,2,6,2,2,2,4,4,1,7,1,1,1,4,1,1,3,3,2,5,5,2,2,2,4,5,5,2,2,2,6,6,3,3,2,5,3.5,2,4.5,2.466666666666667,4,3.3333333333333335,3,2.75,United States,Virginia
59,2017-08-31T11:33:10Z,7,en,2017-08-31T11:28:07Z,42,male,bachelor/master degree bachelor/master degree,3,5,5,2,4,4,2,2,2,4,3.3333333333333335,4,3,3,4,4,4,3,4,4,4,4,3,2,4,1,3,5,3,3,5,4,2,4,5,4,4,2,5,4,6,2,3,5,3,4,2,4,5,3,4,4,5,3,5,5,4,2,5,3,4,3.5,3.933333333333333,2.5,4,3.25,4,United States,New Jersey
63,2017-08-31T11:42:49Z,7,en,2017-08-31T11:32:17Z,27,female,bachelor/master degree bachelor/master degree,3,5,4,5,4,4,2,2,3,3,3.5555555555555554,4,4,3,4,3,3,2,1,2,2,2,5,3,3,6,2,2,2,2,5,2,3,1,4,2,2,1,1,2,3,2,4,2,2,5,4,2,4,2,5,2,5,2,3,2,2,3,3,2,5,3,2.2666666666666666,4.25,3.6666666666666665,3,1.75,United States,Washington
66,2017-08-31T11:49:00Z,7,en,2017-08-31T11:41:05Z,42,female,bachelor/master degree bachelor/master degree,3,3,3,2,4,3,1,1,3,3,2.5555555555555554,3,4,3,4,3,1,4,4,2,2,2,2,1,1,1,2,2,2,2,3,1,2,2,2,2,2,2,2,2,4,2,4,3,2,1,2,4,5,4,2,1,2,5,5,3,3,2,4,3,1.5,4,2.1333333333333333,1.25,2.6666666666666665,3.5,2.5,United States,New Jersey
68,2017-08-31T11:53:23Z,7,en,2017-08-31T11:48:14Z,55,male,bachelor/master degree bachelor/master degree,3,2,4,2,5,5,1,2,1,6,3.111111111111111,5,4,4,6,5,2,2,2,2,2,2,3,2,3,4,1,2,2,2,2,2,2,2,4,4,2,2,2,2,2,5,4,5,1,2,5,5,5,1,3,2,2,7,6,1,1,5,5,1,2.5,4.5,2.2,3,4.333333333333333,3.75,2,United States,NA
70,2017-08-31T11:56:10Z,7,en,2017-08-31T11:49:50Z,26,male,bachelor/master degree bachelor/master degree,3,5,5,5,5,5,5,5,4,5,4.888888888888889,5,5,5,5,5,5,4,5,4,5,5,4,5,5,7,5,6,6,7,5,5,4,5,5,6,6,4,7,7,7,1,3,1,4,5,1,2,3,4,5,5,6,2,5,5,3,1,2,4,5,2.5,5.666666666666667,5.25,5,4.75,4.75,United States,Maryland
71,2017-08-31T11:56:24Z,7,en,2017-08-31T11:51:48Z,40,male,bachelor/master degree bachelor/master degree,3,4,5,4,4,4,4,5,4,4,4.222222222222222,5,4,3,5,5,3,3,3,3,4,5,3,5,5,5,5,6,4,5,3,4,4,5,5,3,5,6,5,3,6,4,2,2,2,5,2,4,4,4,5,4,5,5,4,4,3,3,3,3,5,3,4.6,4.5,4.333333333333333,3.75,3.75,United States,New York
73,2017-08-31T12:12:44Z,7,en,2017-08-31T11:54:07Z,43,male,bachelor/master degree bachelor/master degree,3,4,5,3,4,4,4,3,3,5,3.888888888888889,3,2,3,4,4,3,2,2,2,4,4,3,3,2,6,3,3,2,4,2,2,2,2,5,3,3,2,5,2,2,3,4,5,1,5,4,5,5,1,3,2,7,1,1,1,1,3.5,5,1,4,4.5,2.8,3.5,3.3333333333333335,2.75,3,United States,Missouri
75,2017-08-31T11:58:23Z,7,en,2017-08-31T11:54:46Z,55,female,higher than master (e.g. PhD) higher than master (e.g. PhD),4,4,4,4,2,3,2,3,4,4,3.3333333333333335,2,3,4,4,3,3,5,3,3,3,3,6,3,4,3,5,4,4,3,2,4,4,6,3,4,4,3,6,5,4,1,3,4,4,4,3,3,3,2,2,4,4,5,5,4,4,2,3.5,3,3,3,4.066666666666666,4,3,3.75,3,United States,New Jersey
79,2017-08-31T12:08:53Z,7,en,2017-08-31T12:00:52Z,33,female,bachelor/master degree bachelor/master degree,3,3,2,5,2,2,2,2,2,2,2.4444444444444446,4,4,5,4,5,4,4,1,1,1,2,2,2,3,3,4,3,2,2,2,1,2,2,2,2,2,2,2,2,4,2,4,2,4,2,2,2,3,4,2,3,2,6,4,2,2,2,2.5,4,2,3,2.2666666666666666,2.5,4,4.5,1.25,United States,South Carolina
81,2017-08-31T12:18:36Z,7,en,2017-08-31T12:06:58Z,40,female,high school graduate high school graduate,2,1,2,1,2,3,2,1,2,4,2,2,4,4,4,2,3,2,1,1,1,1,1,3,1,6,2,1,1,2,2,1,1,1,2,1,1,1,1,2,4,2,4,3,4,2,1,3,4,3,4,2,1,4,1,1,1,1.5,3.5,3.5,3,3.5,1.5333333333333334,2.75,3,3,1,United States,Pennsylvania
82,2017-08-31T12:18:43Z,7,en,2017-08-31T12:07:53Z,52,female,bachelor/master degree bachelor/master degree,3,4,4,5,3,4,2,2,2,4,3.3333333333333335,4,4,3,4,4,4,3,2,2,2,2,4,3,2,4,4,5,2,2,1,1,2,2,4,2,4,1,1,4,4,4,5,5,4,2,5,3,5,4,3,5,4,5,4,4,3,4.5,5,4,2.5,4,2.6,3.25,4,3.5,2,United States,New Jersey
83,2017-08-31T12:19:25Z,7,en,2017-08-31T12:08:06Z,35,male,high school graduate high school graduate,2,5,6,5,6,6,5,4,4,6,5.222222222222222,6,5,5,5,5,5,3,5,4,6,6,4,6,4,7,6,5,4,6,6,5,6,4,5,4,7,7,4,6,6,2,4,3,2,4,3,3,5,3,3,4,5,3,6,4,4,2.5,4,2.5,3.5,3.5,5.4,5.25,5.333333333333333,4.5,5.25,United States,Ohio
84,2017-08-31T12:25:15Z,7,en,2017-08-31T12:17:03Z,30,male,bachelor/master degree bachelor/master degree,3,6,6,6,6,6,6,6,6,5,5.888888888888889,6,6,6,6,6,6,6,4,5,6,6,6,7,3,2,7,6,5,6,7,2,7,6,6,5,6,7,7,7,7,1,4,2,2,1,1,2,4,4,2,6,7,2,5,6,6,1,3,3,1.5,3,6.066666666666666,4.5,6,6,5.25,United States,Virginia
86,2017-08-31T12:38:39Z,7,en,2017-08-31T12:19:56Z,46,female,bachelor/master degree bachelor/master degree,3,4,5,4,5,6,5,5,5,5,4.888888888888889,5,4,4,5,5,4,4,5,4,5,5,2,7,3,6,6,6,2,6,3,3,5,2,5,5,6,7,2,7,2,1,5,5,2,3,5,4,3,3,4,4,6,3,7,4,4,3,4,2.5,3.5,4.5,4.466666666666667,4.5,4.666666666666667,4.25,4.75,United States,Texas
87,2017-08-31T12:26:33Z,7,en,2017-08-31T12:22:01Z,39,female,bachelor/master degree bachelor/master degree,3,4,5,4,4,4,4,4,4,5,4.222222222222222,5,4,6,4,5,6,4,2,3,5,6,6,6,5,6,5,7,2,5,1,1,6,4,5,5,6,3,5,6,7,4,4,5,2,5,5,4,4,1,3,3,6,3,4,3,5,4.5,4.5,1.5,4,4,4.533333333333333,5.75,5,4.75,4,United States,Ohio
89,2017-08-31T12:40:54Z,7,en,2017-08-31T12:31:43Z,32,male,bachelor/master degree bachelor/master degree,3,6,5,2,5,5,4,5,4,6,4.666666666666667,5,5,6,5,5,6,5,4,3,5,5,6,5,5,3,6,6,5,5,5,6,4,6,6,6,6,6,5,6,7,1,5,5,2,3,3,5,4,1,3,6,5,2,5,6,5,2,4.5,1.5,3,5,5.666666666666667,4.75,5.333333333333333,5.25,4.25,United States,NA
90,2017-08-31T12:41:47Z,7,en,2017-08-31T12:34:39Z,33,female,bachelor/master degree bachelor/master degree,3,2,4,4,5,5,5,2,3,4,3.7777777777777777,5,4,4,5,5,3,4,3,4,3,3,3,4,3,5,4,4,1,1,1,4,5,5,4,3,3,2,1,7,7,1,2,4,3,5,3,1,5,5,1,5,4,3,5,3,4,2,4.5,4,3,1.5,3.466666666666667,3.75,4.333333333333333,4.25,3.25,United States,NA
91,2017-08-31T12:47:44Z,7,en,2017-08-31T12:35:10Z,66,male,bachelor/master degree bachelor/master degree,3,4,4,3,3,4,2,3,3,4,3.3333333333333335,4,4,4,4,4,4,3,2,3,3,3,4,4,3,6,4,5,1,1,1,2,2,3,3,4,2,6,1,2,4,2,4,5,2,2,3,4,5,2,4,2,2,2,4,4,2,2.5,5,2,3,4,2.7333333333333334,4.25,4,3.75,2.75,United States,North Carolina
92,2017-08-31T12:41:53Z,7,en,2017-08-31T12:35:35Z,43,female,high school graduate high school graduate,2,3,3,5,3,3,2,2,3,3,3,3,3,4,4,3,4,2,2,2,5,3,2,3,2,2,2,2,2,1,2,1,2,2,2,3,2,1,2,2,3,2,2,4,3,2,2,4,4,4,2,3,2,5,4,4,4,2,4,3.5,2,3,1.9333333333333333,2.25,3.6666666666666665,3,3,United States,Pennsylvania
94,2017-08-31T12:53:15Z,7,en,2017-08-31T12:43:26Z,50,male,bachelor/master degree bachelor/master degree,3,5,5,4,6,5,5,5,4,6,5,6,5,4,5,5,3,4,4,5,5,5,5,5,6,4,6,5,6,5,6,5,6,5,6,6,6,7,6,5,6,2,4,1,1,4,5,4,5,3,4,6,6,3,6,6,4,3.5,3,2,4,4,5.733333333333333,5,4.666666666666667,4.5,4.75,United States,Virginia
96,2017-08-31T12:52:49Z,7,en,2017-08-31T12:47:21Z,31,male,bachelor/master degree bachelor/master degree,3,4,4,3,4,4,3,3,3,4,3.5555555555555554,4,5,4,4,4,4,3,2,2,4,4,3,3,3,3,2,3,2,3,2,2,2,2,3,4,5,2,3,3,5,1,1,5,1,4,3,3,4,2,4,3,4,4,4,3,3,2,4.5,1.5,4,2,2.8666666666666667,3,4,4,3,United States,Maryland
97,2017-08-31T13:11:17Z,7,en,2017-08-31T12:48:02Z,44,male,bachelor/master degree bachelor/master degree,3,4,4,2,3,3,2,4,3,4,3.2222222222222223,4,3,2,4,4,3,4,3,3,4,4,3,7,4,3,4,5,5,5,3,2,6,4,4,3,3,4,4,3,3,2,5,5,2,4,5,5,5,2,4,4,5,5,6,5,4,3.5,5,2,4,5,3.8666666666666667,4.25,3.6666666666666665,3.25,3.5,United States,Louisiana
101,2017-08-31T13:11:31Z,7,en,2017-08-31T12:54:08Z,55,female,high school graduate high school graduate,2,3,5,5,4,4,4,4,3,4,4,3,3,3,3,4,3,2,2,1,4,4,7,5,4,6,5,6,3,4,4,2,5,5,5,4,5,2,3,6,4,1,4,4,4,1,1,4,4,4,3,4,3,5,6,2,1,1,4,4,2,4,4.2,5.5,3,3,2.75,United States,New York
103,2017-08-31T13:02:27Z,7,en,2017-08-31T12:57:05Z,28,female,higher than master (e.g. PhD) higher than master (e.g. PhD),4,3,3,3,2,3,2,3,4,4,3,3,4,3,3,3,3,3,4,4,4,4,6,2,5,4,2,5,3,3,3,1,4,4,2,2,3,2,4,4,5,2,5,3,3,4,3,2,4,4,2,4,4,3,2,4,6,2.5,3.5,3.5,3,3.5,3.1333333333333333,4.25,3,3.25,4,United States,Massachusetts
104,2017-08-31T13:05:39Z,7,en,2017-08-31T12:57:37Z,38,female,bachelor/master degree bachelor/master degree,3,3,3,3,3,3,3,3,3,3,3,4,3,3,3,4,3,3,3,3,3,3,3,3,3,3,3,3,3,4,3,3,3,3,5,5,3,3,5,3,3,2,4,4,2,4,2,4,4,4,2,5,3,5,3,3,3,2,4,3,3,4,3.466666666666667,3,3.3333333333333335,3.25,3,United States,Florida
107,2017-08-31T13:13:21Z,7,en,2017-08-31T12:59:47Z,33,female,high school graduate high school graduate,2,5,5,5,5,6,5,5,5,5,5.111111111111111,5,5,5,5,5,5,5,4,4,5,5,5,6,6,6,6,6,3,5,6,2,6,6,6,5,7,7,2,6,6,4,5,5,1,4,5,5,5,1,4,5,4,2,7,5,6,4.5,5,1,4,5,5.266666666666667,5.75,5,5,4.5,United States,New York
112,2017-08-31T13:18:12Z,7,en,2017-08-31T13:08:34Z,37,female,bachelor/master degree bachelor/master degree,3,2,2,2,2,2,2,2,2,2,2,2,2,2,3,2,2,2,2,2,2,2,6,5,6,5,2,2,2,2,6,1,6,2,3,2,2,1,2,2,2,2,5,4,3,5,2,5,5,5,5,3,2,4,4,3,1,2,4.5,4,5,5,2.466666666666667,5.5,2.3333333333333335,2,2,United States,Kansas
114,2017-08-31T13:17:45Z,7,en,2017-08-31T13:09:35Z,43,female,higher than master (e.g. PhD) higher than master (e.g. PhD),4,2,4,4,4,4,2,2,2,5,3.2222222222222223,6,5,3,5,6,3,3,3,6,4,5,5,2,5,6,3,6,2,5,5,1,6,5,6,4,6,1,2,6,6,4,2,5,2,5,1,2,5,1,2,2,5,1,6,3,6,2.5,5,1.5,3.5,2,4.266666666666667,4.5,4.666666666666667,4.25,4.5,United States,Mississippi
115,2017-08-31T13:17:16Z,7,en,2017-08-31T13:11:04Z,48,female,high school graduate high school graduate,2,3,3,4,3,3,3,3,3,2,3,3,4,4,4,4,4,3,2,2,2,2,4,3,4,3,4,4,4,4,4,3,5,3,4,1,1,4,3,5,5,1,3,3,3,3,1,2,4,4,2,4,4,4,4,4,4,1,3.5,3.5,2.5,2.5,3.6,3.5,3.6666666666666665,3.75,2,United States,NA
116,2017-08-31T13:27:59Z,7,en,2017-08-31T13:13:09Z,63,male,high school graduate high school graduate,2,5,5,4,5,5,5,4,2,5,4.444444444444445,4,5,4,4,5,4,4,4,3,4,5,5,5,4,6,5,6,4,5,3,4,4,5,5,6,6,5,4,4,5,2,4,4,4,5,2,4,3,4,4,4,5,4,5,5,4,2,3.5,4,4.5,4,4.733333333333333,5,4,4.5,4,United States,Maine
117,2017-08-31T13:26:02Z,7,en,2017-08-31T13:13:38Z,31,female,bachelor/master degree bachelor/master degree,3,4,4,4,4,4,3,3,4,4,3.7777777777777777,5,4,3,5,4,2,2,3,3,4,4,4,2,4,4,4,4,4,5,4,2,2,4,5,4,4,2,4,4,2,5,3,5,3,5,4,5,4,4,5,4,5,4,4,4,4,4.5,4.5,3.5,5,4,3.6,3.5,4,3.25,3.5,United States,NA
118,2017-08-31T13:22:11Z,7,en,2017-08-31T13:16:02Z,34,male,higher than master (e.g. PhD) higher than master (e.g. PhD),4,2,2,2,2,2,1,2,2,2,1.8888888888888888,2,2,2,2,3,4,2,2,1,1,2,2,1,3,4,3,2,2,2,2,1,1,1,2,1,1,1,1,3,5,1,4,4,2,1,2,2,5,4,2,1,1,7,2,1,1,1.5,4.5,3,1.5,3,1.8666666666666667,2.5,2.6666666666666665,2.25,1.5,United States,North Carolina
119,2017-08-31T13:24:34Z,7,en,2017-08-31T13:17:42Z,37,female,bachelor/master degree bachelor/master degree,3,3,3,4,4,5,3,4,3,5,3.7777777777777777,3,5,5,5,5,2,5,1,1,4,5,1,3,1,3,5,1,1,5,1,1,1,1,5,3,5,5,1,7,5,5,4,5,4,5,4,2,4,2,4,3,5,2,5,5,5,4.5,4.5,3,4.5,3,3.1333333333333333,2,3.3333333333333335,5,2.75,United States,Ohio
120,2017-08-31T13:24:23Z,7,en,2017-08-31T13:18:59Z,28,female,high school graduate high school graduate,2,2,2,4,4,4,3,4,2,4,3.2222222222222223,6,4,4,6,6,4,4,5,2,3,4,5,3,5,3,4,4,4,4,4,6,4,4,6,6,4,4,4,4,7,2,4,2,2,4,2,2,4,4,4,5,4,4,4,4,4,2,3,3,4,3,4.6,4,5.333333333333333,4.5,3.5,United States,New York
122,2017-08-31T13:31:09Z,7,en,2017-08-31T13:20:12Z,49,female,bachelor/master degree bachelor/master degree,3,2,2,3,3,3,1,1,2,3,2.2222222222222223,1,1,2,4,3,3,1,1,1,1,2,4,1,1,3,1,1,1,1,1,1,1,1,1,1,1,1,1,1,2,4,4,4,2,2,5,5,5,2,3,1,1,6,1,1,1,4.5,4.5,2,2.5,4.5,1.0666666666666667,2.25,2.6666666666666665,1.75,1.25,United States,Georgia
123,2017-08-31T13:29:57Z,7,en,2017-08-31T13:20:29Z,35,female,high school graduate high school graduate,2,3,4,3,2,3,2,2,1,4,2.6666666666666665,3,4,2,4,3,3,2,3,2,3,2,3,2,3,4,3,2,1,3,2,2,2,2,4,3,4,1,1,3,4,1,5,5,4,3,1,5,4,1,3,2,2,6,5,4,4,1,4.5,2.5,3,5,2.466666666666667,3,3.3333333333333335,2.75,2.5,United States,New Jersey
124,2017-08-31T13:35:01Z,7,en,2017-08-31T13:22:50Z,40,female,bachelor/master degree bachelor/master degree,3,6,6,5,6,6,6,6,4,6,5.666666666666667,6,6,6,6,6,6,5,5,6,6,6,6,7,6,7,7,7,7,7,7,7,7,7,7,7,7,7,7,7,7,3,5,4,1,4,1,3,5,5,5,7,6,2,7,7,6,2,4.5,3,4.5,4,7,6.5,6,5.75,5.75,United States,Tennessee
125,1582-10-14T00:16:39Z,6,en,2017-08-31T13:23:12Z,35,male,high school graduate high school graduate,2,4,5,2,5,5,3,2,2,5,3.6666666666666665,4,5,5,4,4,5,3,4,5,5,5,2,3,5,6,5,5,6,6,3,4,5,3,5,4,4,6,6,3,6,1,4,2,1,2,2,5,4,4,4,5,3,5,4,5,1,1.5,3,2.5,3,4.5,4.733333333333333,4,4.333333333333333,4.25,4.75,United States,Florida
126,2017-08-31T13:26:34Z,7,en,2017-08-31T13:23:14Z,32,male,higher than master (e.g. PhD) higher than master (e.g. PhD),4,3,4,4,3,4,4,3,2,2,3.2222222222222223,3,4,3,4,4,3,3,3,4,4,4,5,4,3,4,3,5,4,4,5,4,5,3,4,3,3,4,4,2,3,4,2,3,1,3,3,2,2,3,3,4,5,5,5,4,3,3.5,2.5,2,3,2,3.7333333333333334,4,3.3333333333333335,3.5,3.75,United States,New Jersey
127,2017-08-31T13:37:11Z,7,en,2017-08-31T13:23:32Z,35,male,bachelor/master degree bachelor/master degree,3,3,4,3,5,5,4,4,3,4,3.888888888888889,6,5,4,5,5,5,4,4,4,5,5,4,3,3,4,5,5,6,6,1,1,5,4,5,4,5,4,6,6,6,1,2,2,1,5,2,2,5,2,5,5,5,2,6,5,1,1.5,3.5,1.5,5,2,4.6,3.5,5.333333333333333,4.5,4.5,United States,California
128,2017-08-31T13:34:28Z,7,en,2017-08-31T13:24:07Z,42,female,bachelor/master degree bachelor/master degree,3,4,6,5,5,5,3,5,3,3,4.333333333333333,6,6,6,6,6,6,5,4,1,5,6,6,4,6,4,4,7,4,5,7,2,7,4,7,4,5,5,3,7,7,4,5,5,2,3,3,1,5,1,5,4,4,2,4,5,1,3.5,5,1.5,4,3,5.2,5,6,5.75,4,United States,Tennessee
130,2017-08-31T13:30:36Z,7,en,2017-08-31T13:24:47Z,25,male,bachelor/master degree bachelor/master degree,3,4,4,3,4,4,3,4,3,4,3.6666666666666665,4,4,3,4,4,4,3,5,5,5,5,5,4,3,6,5,3,5,5,5,4,4,4,5,5,5,4,4,4,4,2,4,4,2,4,3,4,4,2,4,5,5,5,5,5,5,2.5,4,2,4,4,4.4,4.5,4,3.5,5,United States,New York
131,2017-08-31T13:43:59Z,7,en,2017-08-31T13:25:42Z,46,female,high school graduate high school graduate,2,2,4,2,3,5,5,4,4,5,3.7777777777777777,4,3,4,4,5,3,3,3,2,4,4,6,6,5,6,6,5,3,4,6,1,5,5,3,5,5,6,3,5,5,2,4,5,2,5,4,4,5,2,5,4,3,5,6,5,2,3,5,2,5,4,4.466666666666667,5.75,3.6666666666666665,3.75,3.25,United States,Missouri
132,2017-08-31T13:39:23Z,7,en,2017-08-31T13:25:44Z,45,female,bachelor/master degree bachelor/master degree,3,5,4,4,4,4,2,3,4,5,3.888888888888889,5,5,5,5,5,5,4,2,4,4,4,3,5,3,6,5,5,5,5,6,4,6,4,6,4,5,5,4,6,4,3,4,4,1,4,3,4,4,1,4,4,3,5,4,5,3,3,4,1,4,4,4.933333333333334,4.25,5,4.75,3.5,United States,Alabama
133,2017-08-31T13:32:40Z,7,en,2017-08-31T13:26:34Z,49,female,bachelor/master degree bachelor/master degree,3,3,3,4,4,4,2,2,2,4,3.111111111111111,3,4,4,4,4,4,4,3,4,3,3,4,3,5,5,2,3,3,4,3,2,2,3,5,4,4,2,2,6,6,2,4,5,1,1,4,5,4,1,1,4,4,5,3,3,3,3,4.5,1,1,4.5,3.4,4.25,3.6666666666666665,4,3.25,United States,New Jersey
136,2017-08-31T13:35:04Z,7,en,2017-08-31T13:29:47Z,57,female,bachelor/master degree bachelor/master degree,3,3,4,6,3,3,3,3,3,3,3.4444444444444446,4,4,3,4,3,3,3,2,2,2,1,7,7,7,7,4,3,3,3,4,1,4,3,2,2,2,2,4,1,1,5,3,5,1,2,5,5,5,2,5,1,3,6,1,1,1,5,5,1.5,3.5,4,2.6,7,3.6666666666666665,3.25,1.75,United States,Arizona
137,2017-08-31T13:38:58Z,7,en,2017-08-31T13:30:18Z,24,female,high school graduate high school graduate,2,3,5,5,5,4,2,1,2,4,3.4444444444444446,4,2,2,6,3,5,2,2,2,2,2,5,2,5,3,2,2,3,3,1,1,2,2,3,1,2,1,1,3,3,4,2,5,5,2,2,2,5,4,2,2,2,5,3,3,1,3,5,4.5,2,2,2,3.75,5,2.25,2,United States,NA
138,2017-08-31T13:40:14Z,7,en,2017-08-31T13:33:30Z,22,male,bachelor/master degree bachelor/master degree,3,6,6,6,6,6,6,4,3,6,5.444444444444445,5,5,5,5,5,4,1,5,4,4,5,7,7,7,7,3,4,2,3,3,3,4,4,4,3,5,1,1,7,7,5,5,5,1,5,5,5,5,1,5,4,5,2,4,4,5,5,5,1,5,5,3.6,7,4.666666666666667,4,4.5,United States,New York
139,2017-08-31T13:41:54Z,7,en,2017-08-31T13:33:41Z,27,female,bachelor/master degree bachelor/master degree,3,4,2,5,4,3,2,2,2,4,3.111111111111111,5,5,5,5,5,5,2,2,2,2,2,6,6,6,7,2,6,2,5,2,1,6,2,5,2,5,1,2,6,6,2,3,4,2,4,4,5,5,4,5,4,3,4,5,4,2,3,4.5,3,4.5,4,3.533333333333333,6.25,5,4.25,2,United States,Georgia
142,2017-08-31T13:44:12Z,7,en,2017-08-31T13:34:44Z,42,female,bachelor/master degree bachelor/master degree,3,4,5,4,5,5,6,5,6,5,5,5,5,6,5,4,6,4,3,4,5,6,6,7,5,7,5,7,1,4,2,3,7,6,6,5,6,4,3,7,7,2,5,5,1,1,5,5,5,1,4,4,5,1,6,6,6,3.5,5,1,2.5,5,4.866666666666666,6.25,5.333333333333333,4.75,4.5,United States,Pennsylvania
147,2017-08-31T13:45:24Z,7,en,2017-08-31T13:36:45Z,59,male,high school graduate high school graduate,2,4,4,4,4,4,4,4,4,4,4,5,4,4,4,5,5,4,2,2,4,4,5,6,5,4,4,5,1,6,1,1,5,4,5,4,4,5,1,7,4,1,4,5,1,1,3,4,5,1,4,4,4,4,5,5,1,2,5,1,2.5,4,3.8,5,4.666666666666667,4.25,3,United States,New York
148,2017-08-31T13:47:35Z,7,en,2017-08-31T13:37:20Z,29,female,bachelor/master degree bachelor/master degree,3,4,4,4,4,4,1,4,2,4,3.4444444444444446,5,5,3,5,5,4,4,2,1,1,1,3,1,4,2,1,1,1,1,1,1,1,1,3,1,1,1,1,3,3,1,5,5,1,5,5,2,5,1,4,6,3,6,3,2,2,3,5,1,4.5,3.5,1.4,2.5,4.666666666666667,4.25,1.25,United States,Florida
153,2017-08-31T13:49:29Z,7,en,2017-08-31T13:42:02Z,48,female,high school graduate high school graduate,2,4,4,4,5,5,1,1,4,6,3.7777777777777777,5,5,5,6,5,5,5,5,5,2,2,5,2,5,7,1,6,1,1,6,6,6,5,6,5,5,1,1,7,7,1,4,4,1,1,1,5,5,1,2,5,5,2,6,1,1,1,4.5,1,1.5,4.5,4.266666666666667,4.75,5.333333333333333,5,3.5,United States,New York
154,2017-08-31T13:56:05Z,7,en,2017-08-31T13:42:06Z,52,female,bachelor/master degree bachelor/master degree,3,3,5,1,4,4,2,2,1,2,2.6666666666666665,6,2,2,4,3,2,2,2,3,2,2,5,5,5,6,1,1,1,4,3,1,1,4,2,2,1,1,1,2,2,4,5,5,1,1,4,5,5,1,3,3,3,7,6,3,1,4,5,1,2,5,1.8,5.25,4,2.25,2.25,United States,Indiana
155,2017-08-31T13:57:58Z,7,en,2017-08-31T13:42:48Z,47,female,high school graduate high school graduate,2,6,6,3,6,6,6,6,6,6,5.666666666666667,6,6,6,6,6,6,5,5,6,6,6,7,7,7,7,7,7,5,5,7,7,7,7,7,7,7,7,5,7,7,1,3,5,2,5,1,5,5,2,3,7,7,1,7,7,1,1,5,2,4,4,6.6,7,6,5.75,5.75,United States,NA
156,2017-08-31T13:55:18Z,7,en,2017-08-31T13:43:49Z,60,male,high school graduate high school graduate,2,5,5,5,5,5,5,5,5,5,5,5,5,5,5,5,4,5,5,2,5,6,5,6,5,7,6,6,7,6,4,5,6,6,6,6,6,6,6,6,6,2,4,2,2,4,2,2,4,2,5,5,5,4,3,5,5,2,3,2,4.5,3,5.866666666666666,5.75,4.666666666666667,5,4.5,United States,Kansas
157,2017-08-31T13:47:14Z,7,en,2017-08-31T13:43:58Z,21,female,bachelor/master degree bachelor/master degree,3,3,4,2,3,4,4,4,4,5,3.6666666666666665,5,5,5,5,4,5,4,3,4,4,5,4,5,5,6,4,6,3,4,5,2,5,4,3,4,3,2,4,6,6,2,2,4,5,4,2,1,5,4,4,6,4,3,6,5,5,2,4.5,4.5,4,1.5,4.066666666666666,5,5,4.5,4,United States,Georgia
159,2017-08-31T13:53:40Z,7,en,2017-08-31T13:45:42Z,46,male,bachelor/master degree bachelor/master degree,3,4,4,2,4,5,4,4,4,4,3.888888888888889,4,5,5,4,4,5,2,3,3,4,4,5,5,5,6,5,5,3,5,2,1,5,5,4,3,3,2,1,7,4,4,4,5,1,4,4,5,5,1,4,3,4,3,5,3,3,4,5,1,4,4.5,3.6666666666666665,5.25,4.333333333333333,4,3.5,United States,Minnesota
160,2017-08-31T13:51:05Z,7,en,2017-08-31T13:45:57Z,24,male,bachelor/master degree bachelor/master degree,3,4,4,4,4,4,4,4,4,4,4,4,4,4,4,4,4,4,4,4,4,4,5,5,5,5,5,5,5,5,5,3,5,5,5,4,4,4,4,5,5,3,3,3,3,3,3,3,3,3,3,4,4,4,4,4,4,3,3,3,3,3,4.6,5,4,4,4,United States,Delaware
163,2017-08-31T13:56:20Z,7,en,2017-08-31T13:46:40Z,42,female,bachelor/master degree bachelor/master degree,3,3,4,4,5,5,4,5,4,5,4.333333333333333,5,6,5,5,6,5,1,1,2,4,5,6,6,4,3,5,6,6,6,2,2,6,5,5,4,6,7,5,6,6,2,5,4,4,5,2,4,5,4,2,2,4,2,5,7,2,2,4.5,4,3.5,4.5,5.133333333333334,4.75,5,4.5,3,United States,Florida
164,2017-08-31T13:58:00Z,7,en,2017-08-31T13:48:06Z,26,male,bachelor/master degree bachelor/master degree,3,5,4,3,3,4,1,5,2,4,3.4444444444444446,4,3,3,4,4,2,3,5,5,6,2,6,4,5,3,5,4,6,6,6,4,3,3,3,7,5,5,5,2,3,2,4,5,2,1,5,2,4,1,5,5,4,4,3,6,5,3.5,4.5,1.5,3,3,4.466666666666667,4.5,3.3333333333333335,3.25,4.5,United States,New York
165,2017-08-31T13:54:48Z,7,en,2017-08-31T13:48:08Z,30,female,bachelor/master degree bachelor/master degree,3,5,5,5,4,4,3,3,3,4,4,5,5,4,5,4,4,5,6,6,4,4,7,4,5,5,5,4,4,5,5,3,5,5,6,6,6,6,4,6,3,4,4,2,3,4,4,2,3,4,4,5,6,4,3,5,6,4,2.5,3.5,4,3,4.866666666666666,5.25,4.666666666666667,4.5,5,United States,Massachusetts
170,2017-08-31T13:59:54Z,7,en,2017-08-31T13:48:47Z,65,female,high school graduate high school graduate,2,4,6,6,5,5,1,1,1,3,3.5555555555555554,5,5,4,5,5,5,2,1,1,4,6,1,1,1,6,1,1,1,1,1,1,1,1,4,1,1,1,1,2,3,5,5,5,2,5,5,5,5,3,2,1,1,5,4,1,1,5,5,2.5,3.5,5,1.4,2.25,5,4,3,United States,Tennessee
171,2017-08-31T13:55:33Z,7,en,2017-08-31T13:48:50Z,45,male,bachelor/master degree bachelor/master degree,3,4,5,6,5,5,4,4,3,4,4.444444444444445,6,5,5,5,3,6,1,3,1,6,6,4,4,4,4,5,6,7,7,7,4,6,4,6,4,4,7,7,4,7,3,4,1,1,3,3,5,1,1,5,4,4,4,1,6,1,3,1,1,4,4.5,5.666666666666667,4,5.666666666666667,3.5,4,United States,Washington
173,2017-08-31T13:58:04Z,7,en,2017-08-31T13:49:01Z,31,male,high school graduate high school graduate,2,6,6,4,5,5,6,5,5,5,5.222222222222222,6,6,6,6,5,6,4,4,6,6,6,6,6,7,6,7,7,7,6,7,3,7,7,7,4,7,7,7,6,7,2,2,5,1,2,2,1,5,1,4,6,7,7,5,6,5,2,5,1,3,1.5,6.4,6.25,6,5.25,5.5,United States,Kansas
175,2017-08-31T14:01:24Z,7,en,2017-08-31T13:49:30Z,33,female,bachelor/master degree bachelor/master degree,3,2,3,3,2,2,2,2,2,2,2.2222222222222223,3,4,4,3,4,3,3,1,1,3,3,5,3,4,4,2,3,1,2,1,1,2,3,2,1,5,1,1,3,4,2,4,4,3,4,3,4,5,2,4,2,3,3,4,2,1,2.5,4.5,2.5,4,4,2.1333333333333333,4,3,3.75,2,United States,Massachusetts
176,2017-08-31T14:03:01Z,7,en,2017-08-31T13:50:14Z,53,female,high school graduate high school graduate,2,1,1,1,4,4,2,2,2,3,2.2222222222222223,2,4,4,4,4,4,2,2,1,2,3,5,5,4,5,2,2,1,1,1,1,7,1,3,2,1,1,1,2,4,2,4,4,2,3,3,4,5,2,3,4,4,6,2,1,1,2.5,4.5,2,3,4,2,4.75,3.3333333333333335,3.5,2,United States,Illinois
177,2017-08-31T14:04:33Z,7,en,2017-08-31T13:50:28Z,31,male,high school graduate high school graduate,2,3,4,2,6,6,4,3,3,4,3.888888888888889,5,4,4,5,5,4,4,1,4,5,6,6,4,3,6,6,4,4,4,6,3,5,5,6,4,5,6,4,6,6,2,5,5,1,3,4,1,5,1,4,7,4,5,4,6,3,3,5,1,3.5,3,4.933333333333334,4.75,4.666666666666667,4.25,4,United States,New Jersey
178,2017-08-31T14:00:25Z,7,en,2017-08-31T13:51:03Z,29,female,bachelor/master degree bachelor/master degree,3,5,5,5,6,5,4,4,3,6,4.777777777777778,6,6,5,6,6,5,4,3,1,3,4,5,2,5,4,4,3,5,4,1,2,1,4,6,3,7,2,6,4,5,1,2,5,2,4,3,2,5,4,2,5,6,4,5,5,6,2,5,3,3,2,3.8,4,5.666666666666667,5.25,2.75,United States,Pennsylvania
179,2017-08-31T14:05:00Z,7,en,2017-08-31T13:51:15Z,64,male,bachelor/master degree bachelor/master degree,3,4,5,5,4,5,5,4,4,5,4.555555555555555,4,6,5,6,5,6,3,4,3,4,6,7,7,7,7,5,4,6,6,7,1,4,6,5,5,5,5,6,3,7,1,2,5,3,5,2,4,5,3,5,6,6,3,5,5,3,1.5,5,3,5,3,5,7,5.333333333333333,4.75,4.25,United States,California
180,2017-08-31T14:00:03Z,7,en,2017-08-31T13:51:31Z,61,female,bachelor/master degree bachelor/master degree,3,1,1,1,1,1,1,1,1,1,1,1,4,3,4,4,3,1,1,1,1,2,5,2,1,4,1,1,5,2,4,1,1,3,1,1,1,1,5,2,4,2,3,5,5,5,1,3,5,5,5,4,4,6,4,4,3,1.5,5,5,5,3,2.2,3,2.6666666666666665,3,1.25,United States,New York
181,2017-08-31T14:06:46Z,7,en,2017-08-31T13:51:35Z,32,male,high school graduate high school graduate,2,4,4,2,4,5,4,5,2,5,3.888888888888889,5,4,2,5,5,3,2,5,5,5,2,7,6,7,5,6,2,6,6,4,1,7,5,5,5,6,5,6,3,4,4,4,4,2,5,5,3,4,2,4,5,5,3,4,5,5,4.5,4,2,4.5,3.5,4.733333333333333,6.25,4.333333333333333,3.25,4.25,United States,Florida
184,1582-10-14T00:16:39Z,6,en,2017-08-31T13:52:40Z,28,male,bachelor/master degree bachelor/master degree,3,3,3,3,3,3,4,4,4,4,3.4444444444444446,4,4,3,4,4,3,4,4,3,4,4,5,3,5,5,4,4,5,4,3,4,4,4,4,4,4,5,3,4,4,3,3,3,3,3,3,3,3,3,3,4,4,4,4,4,4,3,3,3,3,3,4,4.5,3.6666666666666665,3.75,3.75,United States,Florida
185,2017-08-31T14:02:24Z,7,en,2017-08-31T13:53:49Z,38,female,high school graduate high school graduate,2,3,5,2,5,4,3,5,2,5,3.7777777777777777,5,6,2,4,4,4,4,2,2,3,3,1,3,3,3,5,3,6,5,2,2,2,3,6,3,4,6,6,3,2,2,4,4,2,2,1,2,4,2,4,6,5,5,6,5,5,1.5,4,2,3,3,3.8666666666666667,2.5,4.333333333333333,4,2.5,United States,Alabama
186,2017-08-31T14:10:08Z,7,en,2017-08-31T13:54:07Z,31,female,high school graduate high school graduate,2,5,5,3,5,5,4,4,3,4,4.222222222222222,6,6,3,5,6,4,4,3,5,4,4,6,5,2,4,7,3,5,6,6,5,7,6,6,5,5,7,5,4,5,1,4,2,1,5,2,2,4,2,5,5,5,2,5,6,6,1.5,3,1.5,5,3,5.466666666666667,4.25,5,4.75,4,United States,Arkansas
189,2017-08-31T14:06:27Z,7,en,2017-08-31T13:54:29Z,40,male,bachelor/master degree bachelor/master degree,3,4,4,2,4,4,4,4,3,3,3.5555555555555554,6,6,5,5,5,5,5,2,5,4,5,5,5,5,3,6,5,3,4,2,2,6,5,5,4,5,5,2,5,6,1,4,3,2,2,1,3,3,2,4,3,3,3,3,5,4,1,3,2,3,3.5,4.333333333333333,4.5,5.333333333333333,5.25,4,United States,Indiana
190,1582-10-14T00:16:39Z,6,en,2017-08-31T13:54:52Z,42,male,high school graduate high school graduate,2,3,3,3,4,4,3,3,3,4,3.3333333333333335,3,4,3,4,4,4,3,3,3,3,3,5,3,5,5,3,5,2,2,2,2,5,3,3,3,3,2,2,6,4,2,4,3,4,4,2,3,4,4,4,5,4,4,4,5,3,2,3.5,4,4,3.5,3.1333333333333333,4.5,3.6666666666666665,3.5,3,United States,Rhode Island
191,2017-08-31T14:10:16Z,7,en,2017-08-31T13:55:18Z,56,male,high school graduate high school graduate,2,5,5,1,5,5,5,5,5,5,4.555555555555555,5,5,5,5,5,5,5,3,5,5,5,6,6,6,6,6,6,6,6,2,2,6,6,6,6,6,7,3,6,6,2,2,5,1,2,2,4,5,1,5,6,3,1,7,6,2,2,5,1,3.5,3,5.333333333333333,6,5,5,4.5,United States,North Carolina
192,2017-08-31T14:03:33Z,7,en,2017-08-31T13:55:31Z,35,female,bachelor/master degree bachelor/master degree,3,4,4,4,5,5,4,4,4,5,4.333333333333333,5,5,4,5,5,4,4,4,4,4,4,5,5,5,5,5,6,3,4,3,2,5,4,5,4,4,4,3,5,5,4,5,2,4,2,5,2,4,4,3,5,5,3,5,5,4,4.5,3,4,2.5,3.5,4.133333333333334,5,4.666666666666667,4.5,4,United States,Indiana
193,2017-08-31T14:06:04Z,7,en,2017-08-31T13:55:48Z,67,female,bachelor/master degree bachelor/master degree,3,2,1,1,1,2,1,1,2,2,1.4444444444444444,1,5,5,3,5,5,4,4,3,2,2,2,1,1,2,3,3,1,4,1,1,2,2,3,2,4,2,1,1,5,2,4,4,3,4,2,4,5,5,4,3,1,3,4,2,2,2,4.5,4,4,4,2.3333333333333335,1.5,3,4.75,2.75,United States,New Jersey
194,2017-08-31T14:10:01Z,7,en,2017-08-31T13:56:45Z,32,male,high school graduate high school graduate,2,5,5,5,4,5,4,5,3,6,4.666666666666667,4,5,5,5,5,4,4,4,3,5,5,7,6,6,7,6,6,4,5,5,4,5,5,4,5,5,4,3,5,6,4,4,5,2,4,4,4,4,2,5,5,6,3,6,5,5,4,4.5,2,4.5,4,4.8,6.5,4.333333333333333,4.75,4.25,United States,Florida
195,2017-08-31T14:03:20Z,7,en,2017-08-31T13:56:57Z,24,male,bachelor/master degree bachelor/master degree,3,2,2,2,3,4,3,3,3,4,2.888888888888889,4,4,4,5,5,5,3,2,2,3,4,6,5,7,6,3,5,5,3,5,2,2,3,5,3,5,5,5,6,5,1,1,5,1,4,2,1,5,1,5,3,5,5,5,5,3,1.5,5,1,4.5,1,4.133333333333334,6,4.666666666666667,4,2.75,United States,Florida
196,2017-08-31T14:07:28Z,7,en,2017-08-31T13:57:02Z,30,male,bachelor/master degree bachelor/master degree,3,5,6,2,6,6,6,5,5,5,5.111111111111111,6,4,3,5,4,4,2,2,2,5,2,6,6,6,5,3,6,4,5,5,2,7,5,4,3,4,5,3,6,5,2,5,3,2,4,4,5,4,4,4,5,3,4,5,5,3,3,3.5,3,4,5,4.466666666666667,5.75,5,3.25,2.75,United States,North Carolina
199,2017-08-31T14:13:35Z,7,en,2017-08-31T14:00:11Z,45,male,bachelor/master degree bachelor/master degree,3,4,6,5,5,5,5,5,4,5,4.888888888888889,6,6,5,5,5,6,5,5,6,5,5,6,6,6,7,7,6,6,5,6,6,7,7,7,6,7,7,6,5,6,2,5,5,1,5,3,4,5,2,5,6,6,2,6,5,5,2.5,5,1.5,5,4.5,6.266666666666667,6.25,5.666666666666667,5.25,5.25,United States,New Jersey
202,2017-08-31T14:08:00Z,7,en,2017-08-31T14:01:06Z,46,male,bachelor/master degree bachelor/master degree,3,5,5,2,5,5,5,5,5,5,4.666666666666667,5,5,5,5,5,5,4,4,5,5,5,5,6,6,6,6,6,6,6,6,5,6,6,6,5,6,6,4,3,6,2,5,3,1,4,4,2,5,2,5,6,6,2,6,6,6,3,4,1.5,4.5,3.5,5.533333333333333,5.75,5,4.75,4.75,United States,New York
203,2017-08-31T14:13:25Z,7,en,2017-08-31T14:02:46Z,35,female,high school graduate high school graduate,2,2,4,6,5,4,3,3,2,5,3.7777777777777777,5,6,5,5,5,6,4,2,1,3,2,5,5,4,5,5,5,2,2,6,1,2,4,5,1,3,1,1,7,7,2,4,3,2,4,5,4,4,1,5,5,6,2,5,6,1,3.5,3.5,1.5,4.5,4,3.466666666666667,4.75,5.333333333333333,5,2,United States,NA
204,2017-08-31T14:10:00Z,7,en,2017-08-31T14:02:47Z,65,female,high school graduate high school graduate,2,6,6,6,6,6,6,6,6,6,6,6,5,5,6,5,6,5,5,5,6,6,7,7,6,7,7,7,2,3,1,3,4,7,6,7,7,5,2,6,7,5,5,5,1,2,5,5,5,1,4,6,7,1,6,6,5,5,5,1,3,5,4.933333333333334,6.75,6,5,5.5,United States,South Carolina
205,2017-08-31T14:10:46Z,7,en,2017-08-31T14:02:53Z,50,female,bachelor/master degree bachelor/master degree,3,3,3,2,4,4,1,3,2,3,2.7777777777777777,2,4,3,3,4,3,2,2,1,3,3,6,5,5,6,4,2,1,4,3,1,2,1,1,2,3,1,1,1,3,5,5,4,5,5,4,2,4,5,5,1,3,6,5,1,1,4.5,4,5,5,3.5,2,5.5,2.6666666666666665,3.25,2.25,United States,Maine
206,2017-08-31T14:11:55Z,7,en,2017-08-31T14:04:26Z,49,female,bachelor/master degree bachelor/master degree,3,4,5,4,5,5,4,4,3,4,4.222222222222222,3,4,3,3,4,4,3,3,2,3,3,2,3,3,4,2,2,1,4,4,2,2,1,3,3,3,1,1,2,3,5,4,5,2,5,5,4,5,4,5,2,4,6,4,2,2,5,5,3,5,4,2.2666666666666666,3,3.3333333333333335,3.5,2.75,United States,Virginia
207,2017-08-31T14:16:55Z,7,en,2017-08-31T14:04:28Z,58,female,bachelor/master degree bachelor/master degree,3,3,4,4,5,4,3,3,2,5,3.6666666666666665,5,4,5,5,4,5,5,2,2,2,2,6,4,6,7,3,5,1,4,3,1,1,2,3,3,3,1,1,5,3,1,2,5,2,1,5,2,5,4,2,3,3,5,5,5,1,3,5,3,1.5,2,2.6,5.75,5,4.5,2,United States,Texas
208,2017-08-31T14:15:36Z,7,en,2017-08-31T14:04:59Z,30,female,high school graduate high school graduate,2,4,4,4,6,4,3,3,3,5,4,5,4,4,5,5,5,3,2,2,4,4,3,5,3,2,4,4,2,2,6,3,5,5,5,3,3,4,2,5,6,1,4,1,4,3,2,4,2,5,5,3,3,2,5,2,2,1.5,1.5,4.5,4,4,3.933333333333333,3.25,5,4,3,United States,Virginia
212,2017-08-31T14:28:41Z,7,en,2017-08-31T14:06:41Z,64,male,bachelor/master degree bachelor/master degree,3,2,4,4,4,4,4,4,4,4,3.7777777777777777,5,4,4,5,4,5,4,3,4,4,4,7,6,5,7,5,4,3,3,4,1,4,4,3,2,5,2,2,2,5,2,5,4,2,3,4,4,5,1,5,6,5,3,6,4,4,3,4.5,1.5,4,4.5,3.2666666666666666,6.25,5,4,3.75,United States,Georgia
214,2017-08-31T14:13:13Z,7,en,2017-08-31T14:07:22Z,25,female,bachelor/master degree bachelor/master degree,3,4,4,2,4,6,3,3,3,5,3.7777777777777777,4,5,4,4,5,4,3,6,3,5,5,5,4,5,3,2,3,1,2,2,2,2,4,2,2,5,3,2,5,5,2,4,3,4,4,2,3,4,4,4,3,3,5,3,4,4,2,3.5,4,4,3.5,2.8,4.25,4,4.25,4.75,United States,Florida
215,2017-08-31T14:15:05Z,7,en,2017-08-31T14:08:18Z,27,male,bachelor/master degree bachelor/master degree,3,4,5,4,4,4,4,4,3,4,4,5,4,5,4,4,5,3,3,3,4,5,4,3,5,5,5,5,5,5,2,2,4,4,4,5,4,2,3,4,6,3,4,4,2,4,5,2,4,2,4,4,5,4,5,5,5,4,4,2,4,3,4,4.25,4.666666666666667,4,3.75,United States,Illinois
217,2017-08-31T14:16:53Z,7,en,2017-08-31T14:09:59Z,31,female,high school graduate high school graduate,2,6,6,1,6,6,3,4,3,4,4.333333333333333,6,6,2,5,5,4,4,3,6,6,6,7,4,5,6,6,5,4,5,5,6,7,5,7,7,7,7,5,5,6,3,2,3,3,3,3,3,4,4,3,6,4,2,5,6,6,3,3.5,3.5,3,2.5,5.8,5.5,5,4.25,5.25,United States,West Virginia
218,2017-08-31T14:20:04Z,7,en,2017-08-31T14:10:27Z,41,female,high school graduate high school graduate,2,5,5,2,5,4,2,4,4,5,4,5,5,5,6,6,5,3,5,5,5,5,7,7,6,7,7,7,6,6,5,3,7,7,6,5,5,2,6,7,7,5,5,4,4,5,5,2,4,5,5,1,7,2,6,6,5,5,4,4.5,5,3.5,5.733333333333333,6.75,5.333333333333333,4.75,5,United States,Pennsylvania
219,2017-08-31T14:16:58Z,7,en,2017-08-31T14:10:39Z,33,male,bachelor/master degree bachelor/master degree,3,5,5,5,5,5,5,5,5,5,5,5,4,5,5,5,5,3,3,4,5,2,4,6,6,6,5,5,5,6,6,4,6,6,6,6,6,6,6,5,6,2,2,4,4,4,2,3,4,4,4,6,5,3,6,6,5,2,4,4,4,2.5,5.6,5.5,5,4.25,3.5,United States,Pennsylvania
220,2017-08-31T14:34:27Z,7,en,2017-08-31T14:11:18Z,65,female,bachelor/master degree bachelor/master degree,3,4,5,2,4,4,3,2,3,4,3.4444444444444446,5,4,3,4,4,4,3,4,3,4,4,4,4,6,7,5,5,2,2,6,3,4,4,5,5,6,5,2,5,3,3,4,5,1,5,4,4,5,1,5,5,7,5,3,4,3,3.5,5,1,5,4,4.133333333333334,5.25,4.333333333333333,3.5,3.75,United States,South Carolina
221,2017-08-31T14:21:25Z,7,en,2017-08-31T14:11:48Z,55,male,high school graduate high school graduate,2,4,4,4,3,4,3,2,3,4,3.4444444444444446,4,4,5,4,4,5,3,3,3,3,4,4,4,4,5,3,5,5,4,3,2,5,3,5,3,4,4,3,5,5,2,3,4,4,3,2,2,4,3,4,5,4,3,4,4,2,2,4,3.5,3.5,2.5,3.933333333333333,4.25,4.333333333333333,4,3.25,United States,Texas
222,2017-08-31T14:20:00Z,7,en,2017-08-31T14:11:50Z,41,female,bachelor/master degree bachelor/master degree,3,5,3,3,3,2,2,1,1,2,2.4444444444444446,2,4,1,2,1,1,1,2,1,3,2,4,3,2,7,3,2,1,3,1,1,1,1,4,2,2,1,2,1,5,3,2,5,3,2,4,2,5,3,5,1,2,7,4,2,1,3.5,5,3,3.5,2,2,4,1.6666666666666667,1.75,2,United States,West Virginia
223,2017-08-31T14:20:46Z,7,en,2017-08-31T14:12:08Z,44,female,bachelor/master degree bachelor/master degree,3,4,5,5,6,5,2,3,4,5,4.333333333333333,4,3,2,4,4,3,2,2,2,4,5,5,3,5,5,4,3,1,3,2,3,5,5,5,5,5,5,3,4,3,1,2,5,2,4,2,5,5,2,5,3,2,5,4,3,3,1.5,5,2,4.5,3.5,3.7333333333333334,4.5,3.6666666666666665,2.75,3.25,United States,Missouri
226,2017-08-31T14:21:38Z,7,en,2017-08-31T14:12:45Z,61,male,high school graduate high school graduate,2,5,5,5,6,6,4,5,4,6,5.111111111111111,5,5,5,5,5,5,4,5,3,5,6,3,5,3,6,5,5,6,6,2,6,6,5,5,6,6,7,2,5,6,2,5,5,2,4,2,5,5,1,4,5,3,3,5,5,3,2,5,1.5,4,5,5.2,4.25,5,4.75,4.75,United States,Mississippi
227,2017-08-31T14:24:28Z,7,en,2017-08-31T14:12:51Z,47,male,high school graduate high school graduate,2,4,5,3,6,6,4,5,4,3,4.444444444444445,5,4,2,4,4,4,3,4,3,5,4,3,2,3,3,5,4,2,2,2,1,5,4,5,4,5,6,2,4,4,2,2,3,2,4,3,1,4,2,2,3,4,5,6,5,4,2.5,3.5,2,3,1.5,3.6666666666666665,2.75,4.333333333333333,3.25,4,United States,New Jersey
228,2017-08-31T14:26:23Z,7,en,2017-08-31T14:13:01Z,56,female,bachelor/master degree bachelor/master degree,3,4,4,4,5,5,4,4,3,4,4.111111111111111,3,4,4,4,4,2,3,2,4,4,4,4,5,4,3,4,4,2,3,2,1,7,4,2,3,4,1,1,3,4,4,4,3,4,2,5,3,5,4,4,3,4,4,5,4,1,4.5,4,4,3,3.5,3,4,3,3.75,3.5,United States,NA
229,2017-08-31T14:25:04Z,7,en,2017-08-31T14:14:33Z,31,female,high school graduate high school graduate,2,5,5,3,3,5,3,4,2,4,3.7777777777777777,4,4,4,4,4,3,3,4,3,4,5,4,3,5,4,5,5,4,5,5,2,5,3,3,4,5,3,3,4,3,2,3,4,3,2,2,3,3,4,4,3,3,2,5,5,6,2,3.5,3.5,3,3,3.933333333333333,4,3.6666666666666665,3.75,4,United States,Georgia
231,2017-08-31T14:24:21Z,7,en,2017-08-31T14:15:03Z,63,female,bachelor/master degree bachelor/master degree,3,2,3,2,5,4,1,3,2,4,2.888888888888889,4,4,4,4,4,2,2,1,1,1,1,6,1,6,4,1,4,1,1,1,1,1,1,3,1,1,1,1,1,4,2,4,5,3,3,3,3,5,4,3,5,3,6,2,2,1,2.5,5,3.5,3,3.5,1.5333333333333334,4.25,3.3333333333333335,3.5,1,United States,Arizona
234,2017-08-31T14:20:33Z,7,en,2017-08-31T14:15:49Z,28,female,bachelor/master degree bachelor/master degree,3,4,3,3,5,5,4,3,4,3,3.7777777777777777,3,4,2,5,5,3,2,4,4,3,4,3,4,5,3,4,6,2,3,3,4,4,4,4,4,5,5,5,3,3,2,4,4,3,3,3,2,4,4,4,5,3,4,4,3,3,2.5,4,3.5,3.5,3,3.933333333333333,3.75,3.6666666666666665,3.25,3.75,United States,Utah
235,2017-08-31T14:22:25Z,7,en,2017-08-31T14:16:16Z,39,male,high school graduate high school graduate,2,4,4,5,5,5,5,5,5,5,4.777777777777778,5,4,4,4,4,5,4,3,3,4,5,6,6,6,6,6,6,5,5,6,3,5,5,5,6,5,7,6,5,5,2,4,2,3,5,4,5,2,3,5,6,5,5,3,5,3,3,2,3,5,4.5,5.333333333333333,6,4.666666666666667,4,3.75,United States,New York
237,2017-08-31T14:22:59Z,7,en,2017-08-31T14:17:35Z,37,female,high school graduate high school graduate,2,3,3,2,4,4,2,2,2,3,2.7777777777777777,4,4,5,4,3,4,3,1,1,3,3,5,4,5,6,2,3,2,2,2,1,2,1,5,4,4,1,1,7,5,2,5,5,2,5,3,2,4,2,4,6,6,4,4,3,4,2.5,4.5,2,4.5,3.5,2.8,5,4,3.75,2,United States,New Hampshire
238,2017-08-31T14:29:19Z,7,en,2017-08-31T14:17:42Z,47,male,bachelor/master degree bachelor/master degree,3,3,4,4,4,4,4,3,3,4,3.6666666666666665,4,4,4,4,5,5,4,3,4,4,4,4,5,4,6,5,6,5,4,3,4,3,4,5,5,5,6,4,5,5,3,2,5,2,5,3,5,5,2,4,3,4,3,4,5,3,3,5,2,4.5,3.5,4.6,4.75,4.333333333333333,4.25,3.75,United States,New Jersey
239,2017-08-31T14:22:17Z,7,en,2017-08-31T14:17:43Z,32,male,high school graduate high school graduate,2,4,5,4,4,5,3,5,3,4,4.111111111111111,4,2,3,5,3,5,2,4,5,5,3,6,6,6,6,5,6,3,5,2,2,6,5,5,6,5,4,5,5,3,5,4,5,2,4,4,4,4,1,4,5,7,3,4,5,4,4.5,4.5,1.5,4,4,4.466666666666667,6,4.666666666666667,2.5,4.25,United States,New Jersey
240,2017-08-31T14:28:24Z,7,en,2017-08-31T14:18:18Z,34,female,bachelor/master degree bachelor/master degree,3,4,4,5,5,5,1,2,2,5,3.6666666666666665,5,5,5,5,5,5,4,2,2,5,5,1,1,5,3,1,5,6,6,4,1,2,3,6,3,5,2,5,4,6,2,3,5,2,5,4,3,5,5,5,6,6,6,6,6,6,3,5,3.5,5,3,3.933333333333333,2.5,5,4.75,3.5,United States,New York
246,2017-08-31T14:28:41Z,7,en,2017-08-31T14:20:06Z,31,female,bachelor/master degree bachelor/master degree,3,4,4,3,3,3,4,4,3,3,3.4444444444444446,4,4,3,4,4,4,4,3,4,4,2,4,4,5,3,5,4,5,3,4,4,4,4,4,5,3,5,4,3,4,3,4,2,2,4,3,2,4,3,4,4,5,5,5,5,4,3,3,2.5,4,3,4.066666666666666,4,4,3.75,3.25,United States,Pennsylvania
250,2017-08-31T14:28:35Z,7,en,2017-08-31T14:22:22Z,47,female,high school graduate high school graduate,2,2,3,5,3,3,3,1,2,3,2.7777777777777777,4,4,4,4,4,4,4,4,2,2,3,5,4,4,7,1,2,1,4,1,1,2,1,1,1,1,1,1,4,5,2,1,5,2,3,3,3,4,3,5,4,2,4,4,4,3,2.5,4.5,2.5,4,2,1.8,5,4,4,2.75,United States,Texas
251,2017-08-31T14:28:34Z,7,en,2017-08-31T14:22:36Z,27,female,high school graduate high school graduate,2,6,6,1,6,6,1,6,1,6,4.333333333333333,5,5,1,6,6,1,6,6,5,4,3,4,4,4,4,5,3,5,4,4,4,4,4,7,4,4,5,4,3,5,1,5,3,3,3,3,3,5,5,5,4,4,4,4,4,4,2,4,4,4,4,4.333333333333333,4,4,4.5,4.5,United States,Texas
252,2017-08-31T14:29:17Z,7,en,2017-08-31T14:22:45Z,35,male,high school graduate high school graduate,2,5,3,3,4,4,4,4,4,4,3.888888888888889,4,4,4,4,4,4,2,2,6,4,4,7,6,6,7,7,6,3,3,6,3,7,5,5,5,6,7,3,7,7,1,4,4,2,5,1,5,2,2,5,4,5,3,5,5,1,1,3,2,5,4.5,5.333333333333333,6.5,4,3.5,4,United States,Illinois
253,2017-08-31T14:37:06Z,7,en,2017-08-31T14:22:46Z,30,female,high school graduate high school graduate,2,6,5,5,6,5,6,6,6,6,5.666666666666667,6,5,5,6,5,6,5,5,5,6,6,6,7,6,7,7,7,6,6,7,6,7,7,7,6,7,6,6,7,7,5,2,5,1,5,5,5,5,1,5,7,7,1,6,7,6,5,5,1,5,3.5,6.6,6.5,6,5,5.5,United States,Georgia
255,2017-08-31T14:30:58Z,7,en,2017-08-31T14:23:05Z,20,female,high school graduate high school graduate,2,4,6,5,4,5,5,6,2,5,4.666666666666667,5,6,2,6,5,5,6,4,5,6,6,6,4,6,7,6,7,4,6,6,6,6,6,7,6,6,5,2,7,6,4,5,4,2,4,3,3,4,2,4,6,7,6,5,5,5,3.5,4,2,4,4,5.733333333333333,5.75,5.333333333333333,4.75,5.25,United States,Nebraska
256,2017-08-31T14:37:51Z,7,en,2017-08-31T14:23:45Z,63,female,high school graduate high school graduate,2,2,2,1,2,2,2,1,2,1,1.6666666666666667,1,2,3,1,4,1,1,4,1,1,2,2,3,2,2,1,2,3,2,2,1,7,1,3,2,2,1,1,1,2,4,4,5,3,2,5,3,5,4,5,1,1,6,1,1,1,4.5,5,3.5,3.5,3.5,2.066666666666667,2.25,1,2.5,2,United States,Ohio
257,2017-08-31T14:36:43Z,7,en,2017-08-31T14:23:59Z,26,female,bachelor/master degree bachelor/master degree,3,3,4,2,5,5,2,2,2,4,3.2222222222222223,4,5,5,5,5,4,4,3,3,3,3,6,5,5,5,2,2,2,2,2,2,2,3,4,2,4,1,3,4,4,4,2,5,4,4,4,5,5,4,5,4,5,6,4,5,4,4,5,4,4.5,3.5,2.6,5.25,4.333333333333333,4.75,3,United States,South Carolina
258,2017-08-31T14:36:00Z,7,en,2017-08-31T14:24:08Z,71,male,bachelor/master degree bachelor/master degree,3,3,4,3,3,4,3,3,3,4,3.3333333333333335,4,4,3,4,4,4,4,3,3,3,4,2,2,2,2,3,3,2,2,2,1,2,2,4,3,3,4,3,4,4,4,4,3,1,4,5,5,4,2,3,3,3,6,5,4,4,4.5,3.5,1.5,3.5,4.5,2.8,2,4,3.75,3.25,United States,Florida
261,2017-08-31T14:37:13Z,7,en,2017-08-31T14:24:45Z,33,male,high school graduate high school graduate,2,1,2,3,5,6,2,1,1,5,2.888888888888889,5,4,5,5,5,5,4,4,4,4,5,7,5,6,7,1,3,1,1,5,1,7,7,6,4,5,1,1,4,5,2,1,5,1,5,5,5,5,1,5,1,7,4,7,4,1,3.5,5,1,5,3,3.466666666666667,6.25,5,4.5,4.25,United States,North Carolina
262,2017-08-31T14:40:36Z,7,en,2017-08-31T14:25:09Z,54,male,high school graduate high school graduate,2,3,4,2,5,4,5,5,3,4,3.888888888888889,4,5,4,5,4,4,3,4,3,4,4,5,6,6,5,5,5,4,6,3,2,4,5,4,4,5,6,4,3,4,2,4,3,3,5,2,2,4,4,5,2,2,3,6,4,2,2,3.5,3.5,5,3,4.266666666666667,5.5,4.333333333333333,4,3.75,United States,Missouri
263,2017-08-31T14:32:59Z,7,en,2017-08-31T14:25:23Z,57,male,bachelor/master degree bachelor/master degree,3,5,6,5,5,5,6,5,5,5,5.222222222222222,4,5,5,5,4,3,2,4,6,6,5,6,6,6,6,7,6,7,5,7,6,6,6,7,6,6,7,7,5,5,2,4,3,2,2,2,4,4,2,5,3,6,3,4,6,7,2,3.5,2,3.5,4,6.2,6,4,4,5.25,United States,Minnesota
266,2017-08-31T14:35:16Z,7,en,2017-08-31T14:27:23Z,45,male,bachelor/master degree bachelor/master degree,3,4,4,4,4,4,4,4,4,4,4,4,4,4,5,4,5,3,3,2,4,5,5,6,5,6,7,6,3,3,3,2,7,5,4,5,5,6,1,6,6,3,4,5,1,5,4,5,5,1,4,6,4,4,4,5,2,3.5,5,1,4.5,4.5,4.6,5.5,4.666666666666667,3.75,3.5,United States,Rhode Island
267,2017-08-31T14:40:04Z,7,en,2017-08-31T14:28:10Z,35,female,high school graduate high school graduate,2,4,5,5,5,5,3,3,4,5,4.333333333333333,4,4,4,5,5,4,3,3,3,4,4,6,7,6,7,3,5,5,5,3,3,3,3,3,4,4,1,2,5,5,5,5,5,1,1,5,5,5,1,5,3,3,5,5,3,1,5,5,1,3,5,3.6,6.5,4.333333333333333,4,3.5,United States,New Jersey
268,2017-08-31T14:34:09Z,7,en,2017-08-31T14:28:56Z,38,female,bachelor/master degree bachelor/master degree,3,5,5,4,5,5,2,3,2,4,3.888888888888889,4,4,4,4,5,5,5,4,4,5,3,5,2,2,2,4,4,1,4,4,1,3,2,4,4,4,1,1,2,6,4,5,4,2,4,5,4,4,4,2,4,5,5,2,5,4,4.5,4,3,3,4.5,3,2.75,4.333333333333333,4.5,4,United States,Georgia
273,2017-08-31T14:44:01Z,7,en,2017-08-31T14:30:21Z,51,female,bachelor/master degree bachelor/master degree,3,3,4,2,4,4,4,3,5,4,3.6666666666666665,4,5,4,4,5,3,2,1,1,2,2,3,5,3,4,4,6,1,2,1,1,5,2,4,2,2,1,1,7,5,2,2,4,2,5,2,4,5,2,5,2,3,5,6,4,1,2,4.5,2,5,3,2.933333333333333,3.75,3.6666666666666665,4,1.5,United States,Georgia
274,2017-08-31T14:35:29Z,7,en,2017-08-31T14:30:21Z,53,male,bachelor/master degree bachelor/master degree,3,5,5,5,4,5,4,5,4,4,4.555555555555555,5,5,5,5,5,5,4,4,3,5,5,3,5,3,4,6,6,6,6,2,5,5,5,6,5,5,6,5,5,6,1,4,4,4,3,2,4,4,3,4,4,5,3,5,5,3,1.5,4,3.5,3.5,4,5.266666666666667,3.75,5,4.75,4.25,United States,Missouri
276,2017-08-31T14:47:19Z,7,en,2017-08-31T14:30:24Z,63,male,high school graduate high school graduate,2,5,5,2,4,5,4,5,3,5,4.222222222222222,4,4,4,5,5,5,3,4,3,3,4,4,4,2,6,3,4,4,7,6,1,7,4,4,4,5,6,4,3,6,3,4,5,1,4,4,4,5,1,3,1,3,3,2,5,4,3.5,5,1,3.5,4,4.533333333333333,4,4.666666666666667,4,3.5,United States,Georgia
277,2017-08-31T14:41:10Z,7,en,2017-08-31T14:30:25Z,31,female,bachelor/master degree bachelor/master degree,3,4,4,6,3,3,3,1,3,4,3.4444444444444446,4,5,5,4,4,4,3,2,2,3,4,5,4,4,5,2,5,2,3,4,1,5,4,3,1,4,1,1,6,5,2,2,5,4,3,1,3,5,4,3,3,4,5,4,4,3,1.5,5,4,3,2.5,3.1333333333333333,4.5,4,4.25,2.75,United States,New Jersey
278,2017-08-31T14:39:20Z,7,en,2017-08-31T14:30:48Z,37,male,high school graduate high school graduate,2,5,6,3,6,6,5,6,5,6,5.333333333333333,6,6,6,6,6,6,6,5,6,5,6,5,7,4,7,7,7,6,6,6,7,7,7,6,7,7,6,6,7,7,1,3,4,3,2,2,4,5,3,4,6,6,1,6,1,5,1.5,4.5,3,3,3.5,6.6,5.75,6,6,5.5,United States,NA
279,2017-08-31T14:37:40Z,7,en,2017-08-31T14:31:23Z,27,female,bachelor/master degree bachelor/master degree,3,3,3,4,3,3,4,4,4,3,3.4444444444444446,3,4,4,3,4,4,4,2,2,2,5,5,6,2,6,3,5,3,3,3,3,2,3,3,3,3,3,3,2,2,2,4,2,3,4,4,2,4,4,4,5,5,5,5,5,5,3,3,3.5,4,3,2.933333333333333,4.75,3.3333333333333335,4,2.75,United States,Tennessee
280,2017-08-31T14:40:56Z,7,en,2017-08-31T14:31:27Z,37,male,high school graduate high school graduate,2,4,4,5,4,3,3,2,2,4,3.4444444444444446,4,2,2,4,4,4,2,5,3,4,4,5,3,5,5,3,2,2,2,3,2,3,3,3,2,2,2,3,3,2,1,5,2,4,2,2,4,4,4,4,3,3,2,4,2,2,1.5,3,4,3,4.5,2.466666666666667,4.5,4,2.5,4,United States,Michigan
282,2017-08-31T14:45:11Z,7,en,2017-08-31T14:32:20Z,37,female,bachelor/master degree bachelor/master degree,3,4,5,5,4,5,4,4,4,5,4.444444444444445,6,5,4,5,5,4,4,5,6,5,5,5,6,5,5,6,5,3,5,4,3,6,5,6,6,6,4,4,5,6,4,5,2,5,5,4,5,4,5,5,5,4,2,4,5,4,4,3,5,5,5,4.933333333333334,5.25,5,4.5,5.25,United States,Colorado
283,2017-08-31T14:41:00Z,7,en,2017-08-31T14:33:02Z,34,female,bachelor/master degree bachelor/master degree,3,4,4,4,5,5,2,4,3,5,4,5,5,4,5,5,4,4,4,5,4,4,4,3,4,6,5,4,6,6,5,4,4,5,6,5,6,6,5,5,5,2,4,4,2,3,3,3,4,2,4,5,5,4,5,5,5,2.5,4,2,3.5,3.5,5.133333333333334,4.25,4.666666666666667,4.5,4.25,United States,Virginia
284,2017-08-31T14:37:06Z,7,en,2017-08-31T14:33:09Z,25,male,bachelor/master degree bachelor/master degree,3,4,3,4,4,4,3,4,2,4,3.5555555555555554,4,3,3,4,4,2,4,3,3,2,4,5,4,5,4,5,3,4,5,4,3,4,5,4,3,2,3,4,3,4,2,4,3,2,4,4,2,4,2,3,3,3,4,5,4,4,3,3.5,2,3.5,3,3.7333333333333334,4.5,3.3333333333333335,3.5,3,United States,Ohio
285,2017-08-31T14:40:51Z,7,en,2017-08-31T14:33:22Z,41,female,bachelor/master degree bachelor/master degree,3,4,5,5,4,4,5,5,5,5,4.666666666666667,3,3,3,4,3,4,2,2,2,4,4,4,5,5,5,5,4,3,3,3,2,4,4,3,2,4,2,2,5,3,4,1,5,2,3,5,2,5,2,4,4,3,5,4,5,3,4.5,5,2,3.5,1.5,3.2666666666666666,4.75,3.6666666666666665,2.75,3,United States,Georgia
288,2017-08-31T14:44:39Z,7,en,2017-08-31T14:34:28Z,63,male,higher than master (e.g. PhD) higher than master (e.g. PhD),4,5,5,4,5,5,6,5,5,5,5,5,5,5,5,5,5,5,4,4,2,5,3,7,6,4,6,6,6,5,7,6,6,6,6,5,6,7,5,6,6,1,4,5,1,5,3,5,5,1,5,4,4,2,6,6,2,2,5,1,5,4.5,5.933333333333334,5,5,5,3.75,United States,South Carolina
290,2017-08-31T14:43:35Z,7,en,2017-08-31T14:35:04Z,39,female,high school graduate high school graduate,2,4,5,5,5,5,4,3,3,5,4.333333333333333,6,6,5,6,6,6,5,2,2,4,5,5,4,4,4,4,4,2,5,5,2,4,6,5,4,3,3,2,6,5,1,4,3,3,4,3,5,4,4,4,5,4,3,5,6,1,2,3.5,3.5,4,4.5,4,4.25,6,5.5,3.25,United States,Delaware
291,2017-08-31T14:43:02Z,7,en,2017-08-31T14:35:12Z,26,male,bachelor/master degree bachelor/master degree,3,6,6,3,6,6,6,6,6,6,5.666666666666667,5,6,6,6,5,6,4,5,6,6,6,5,7,4,4,7,7,7,7,7,5,7,7,5,7,7,7,7,5,7,1,4,1,2,5,1,2,2,4,4,7,4,2,4,5,4,1,1.5,3,4.5,3,6.6,5,5.666666666666667,5.25,5.75,United States,Ohio
292,2017-08-31T14:42:38Z,7,en,2017-08-31T14:35:26Z,28,female,high school graduate high school graduate,2,5,5,2,4,5,3,4,3,4,3.888888888888889,5,5,4,5,5,4,4,4,5,5,2,4,4,4,4,5,3,5,5,4,3,3,4,5,5,5,5,5,3,3,3,3,3,5,3,4,4,4,4,4,5,5,5,5,5,5,3.5,3.5,4.5,3.5,3.5,4.2,4,4.666666666666667,4.5,4,United States,Texas
293,2017-08-31T14:43:15Z,7,en,2017-08-31T14:36:24Z,55,female,bachelor/master degree bachelor/master degree,3,1,1,1,4,3,1,1,2,4,2,4,3,2,3,4,4,3,1,1,1,1,1,1,1,2,1,1,1,2,1,1,7,1,4,1,2,1,1,2,2,1,2,4,3,4,3,5,5,5,5,1,1,7,4,1,1,2,4.5,4,4.5,3.5,1.8666666666666667,1.25,3.6666666666666665,3,1,United States,New York
294,2017-08-31T14:51:26Z,7,en,2017-08-31T14:37:41Z,35,female,bachelor/master degree bachelor/master degree,3,5,6,5,6,6,6,6,4,5,5.444444444444445,6,6,5,6,6,6,5,5,5,5,6,7,4,4,6,7,4,7,6,5,6,7,6,7,5,4,6,5,3,5,5,4,3,4,3,5,2,5,2,4,4,3,3,3,4,5,5,4,3,3.5,3,5.533333333333333,5.25,6,5.5,5.25,United States,Washington
295,2017-08-31T14:46:46Z,7,en,2017-08-31T14:39:07Z,45,female,bachelor/master degree bachelor/master degree,3,5,4,4,4,4,6,4,3,4,4.222222222222222,4,4,1,4,4,2,4,3,3,4,4,4,7,4,7,4,3,1,1,4,1,1,1,4,1,4,1,1,1,1,5,5,5,1,5,5,5,5,1,5,1,4,1,7,4,4,5,5,1,5,5,1.9333333333333333,5.5,3.3333333333333335,3.25,3.5,United States,New Jersey
297,2017-08-31T14:49:28Z,7,en,2017-08-31T14:39:27Z,45,female,high school graduate high school graduate,2,4,5,5,5,6,4,3,4,6,4.666666666666667,4,4,4,5,4,5,5,4,3,4,5,2,5,3,6,4,5,3,3,5,3,3,4,5,6,5,3,5,5,6,4,2,5,2,5,4,4,4,3,5,5,5,3,5,5,4,4,4.5,2.5,5,3,4.333333333333333,4,4.666666666666667,4.25,4,United States,Indiana
298,2017-08-31T14:49:53Z,7,en,2017-08-31T14:39:40Z,26,female,higher than master (e.g. PhD) higher than master (e.g. PhD),4,5,2,4,4,5,2,4,2,4,3.5555555555555554,5,5,5,5,5,3,3,2,2,4,4,6,3,5,4,5,3,3,3,2,1,4,2,3,2,2,1,2,5,5,2,2,4,2,2,4,3,4,4,5,2,2,5,7,2,2,3,4,3,3.5,2.5,2.8666666666666667,4.5,4.333333333333333,4.5,3,United States,New Jersey
299,2017-08-31T15:05:29Z,7,en,2017-08-31T14:40:00Z,44,female,high school graduate high school graduate,2,4,5,4,4,4,4,4,3,4,4,4,4,5,5,5,5,4,2,4,4,4,4,2,5,3,5,1,4,5,6,5,5,4,5,6,6,2,1,4,7,2,4,4,2,3,3,4,4,1,3,5,5,3,5,4,5,2.5,4,1.5,3,4,4.4,3.5,4.666666666666667,4.5,3.5,United States,Pennsylvania
300,2017-08-31T14:56:23Z,7,en,2017-08-31T14:40:44Z,37,male,bachelor/master degree bachelor/master degree,3,3,3,4,5,5,3,3,2,3,3.4444444444444446,2,2,3,4,2,4,3,2,2,4,4,5,3,5,7,5,3,1,2,2,2,5,4,4,3,3,2,1,2,5,1,2,4,4,2,1,3,4,4,5,3,2,6,4,2,3,1,4,4,3.5,2.5,2.933333333333333,5,3.3333333333333335,2.5,3,United States,Missouri
301,2017-08-31T14:45:57Z,7,en,2017-08-31T14:40:51Z,35,male,bachelor/master degree bachelor/master degree,3,4,5,2,5,5,4,5,3,5,4.222222222222222,4,4,4,4,4,5,3,4,4,5,5,3,3,3,2,4,5,6,6,5,2,6,4,5,3,6,5,5,3,3,1,4,4,2,2,2,4,3,2,4,5,6,2,6,5,6,1.5,3.5,2,3,4,4.533333333333333,2.75,4.333333333333333,3.75,4.5,United States,South Carolina
303,2017-08-31T14:51:23Z,7,en,2017-08-31T14:42:17Z,36,female,high school graduate high school graduate,2,3,3,4,3,3,1,3,1,4,2.7777777777777777,5,6,6,6,5,6,4,2,2,4,5,4,3,4,7,2,3,2,2,2,2,3,1,3,4,1,1,1,5,7,2,5,4,4,4,2,4,4,4,4,2,5,5,1,1,1,2,4,4,4,4.5,2.6,4.5,5.666666666666667,5.25,3.25,United States,Texas
304,2017-08-31T14:51:40Z,7,en,2017-08-31T14:42:30Z,48,male,high school graduate high school graduate,2,5,4,4,4,4,5,5,4,3,4.222222222222222,5,5,4,5,4,3,3,5,5,5,5,4,4,3,6,5,3,5,5,4,3,4,5,6,5,5,5,5,3,6,2,4,2,3,3,3,3,3,3,4,5,5,2,4,5,5,2.5,2.5,3,3.5,3.5,4.6,4.25,4.333333333333333,4,5,United States,Arkansas
306,2017-08-31T14:51:51Z,7,en,2017-08-31T14:42:40Z,35,male,bachelor/master degree bachelor/master degree,3,6,6,1,6,6,6,6,5,6,5.333333333333333,5,6,6,6,5,6,5,4,4,6,6,5,5,5,7,7,6,6,7,5,7,7,5,7,7,7,7,7,7,7,2,2,4,2,2,4,4,5,4,2,1,6,1,3,7,2,3,4.5,3,2,3,6.6,5.5,5.666666666666667,5.5,5,United States,Maryland
307,2017-08-31T14:51:35Z,7,en,2017-08-31T14:42:47Z,34,male,bachelor/master degree bachelor/master degree,3,5,5,4,4,5,3,5,4,5,4.444444444444445,5,6,5,5,5,5,4,4,5,5,5,6,5,5,6,5,6,6,6,5,5,6,6,6,6,6,6,4,6,6,4,4,5,2,3,4,4,5,2,4,6,5,2,6,6,5,4,5,2,3.5,4,5.666666666666667,5.5,5,5,4.75,United States,NA
308,2017-08-31T14:51:55Z,7,en,2017-08-31T14:43:37Z,37,female,high school graduate high school graduate,2,5,5,5,5,5,3,3,3,4,4.222222222222222,5,6,5,5,5,4,5,4,5,5,5,5,3,5,6,7,5,6,6,4,7,7,6,7,6,6,7,5,6,7,5,4,2,5,5,3,4,2,4,5,6,6,2,4,5,6,4,2,4.5,5,4,6.133333333333334,4.75,4.666666666666667,5.25,4.75,United States,Oregon
309,2017-08-31T14:51:57Z,7,en,2017-08-31T14:43:38Z,40,female,high school graduate high school graduate,2,5,4,5,5,4,3,3,3,3,3.888888888888889,3,3,2,4,3,2,2,3,2,3,3,2,3,2,3,2,2,2,2,6,2,2,2,4,2,4,5,2,3,3,5,2,5,4,5,5,2,5,5,5,2,3,2,6,2,2,5,5,4.5,5,2,2.8666666666666667,2.5,3,2.5,2.75,United States,Kentucky
311,2017-08-31T14:50:24Z,7,en,2017-08-31T14:44:23Z,40,male,bachelor/master degree bachelor/master degree,3,4,4,4,3,4,3,3,2,4,3.4444444444444446,4,4,4,4,4,4,3,4,4,4,4,6,6,6,6,4,5,5,5,5,4,5,5,5,5,5,5,5,4,5,4,4,4,2,4,4,4,4,2,4,5,4,3,3,4,3,4,4,2,4,4,4.8,6,4,3.75,4,United States,Illinois
312,2017-08-31T14:55:31Z,7,en,2017-08-31T14:44:32Z,69,female,bachelor/master degree bachelor/master degree,3,5,6,5,5,6,5,5,5,5,5.222222222222222,5,4,2,5,5,3,4,4,4,5,5,6,6,6,7,6,6,1,5,2,4,4,5,5,5,6,2,4,6,4,1,4,4,1,5,2,4,5,1,5,5,6,2,6,6,3,1.5,4.5,1,5,4,4.333333333333333,6.25,4.333333333333333,3.75,4.5,United States,Florida
313,2017-08-31T14:54:20Z,7,en,2017-08-31T14:44:36Z,62,female,bachelor/master degree bachelor/master degree,3,5,4,5,4,5,3,4,3,5,4.222222222222222,6,6,5,6,6,5,2,4,5,3,3,5,3,3,5,6,6,3,5,5,5,6,5,5,5,5,2,3,5,5,2,4,4,4,4,2,4,4,4,4,5,3,5,3,5,5,2,4,4,4,4,4.733333333333333,4,5.666666666666667,4.75,3.75,United States,New Jersey
314,2017-08-31T14:59:38Z,7,en,2017-08-31T14:45:42Z,31,female,bachelor/master degree bachelor/master degree,3,4,4,4,4,4,3,2,2,4,3.4444444444444446,5,4,4,4,4,4,3,2,3,4,4,4,3,3,4,4,5,2,2,3,2,6,2,2,2,2,1,2,5,4,2,4,4,3,2,2,2,4,2,4,3,3,5,4,2,2,2,4,2.5,3,3,2.933333333333333,3.5,4.333333333333333,3.75,3.25,United States,Kansas
316,2017-08-31T14:57:45Z,7,en,2017-08-31T14:46:09Z,60,male,bachelor/master degree bachelor/master degree,3,4,5,4,4,4,4,4,4,5,4.222222222222222,5,6,5,5,5,4,4,2,3,4,5,6,6,6,6,6,6,5,6,6,6,6,6,6,6,6,7,6,6,6,2,4,5,1,5,3,2,5,1,5,5,5,2,6,6,6,2.5,5,1,5,3,6,6,4.666666666666667,5,3.5,United States,Louisiana
318,2017-08-31T14:54:41Z,7,en,2017-08-31T14:46:22Z,29,female,bachelor/master degree bachelor/master degree,3,5,4,4,5,5,4,4,4,5,4.444444444444445,4,5,5,5,4,5,4,3,3,4,4,6,5,5,6,3,5,4,5,5,3,2,5,5,4,5,4,4,5,6,1,4,5,3,4,3,5,4,4,4,5,5,3,5,6,4,2,4.5,3.5,4,4.5,4.333333333333333,5.5,4.666666666666667,4.5,3.5,United States,South Carolina
319,2017-08-31T14:53:40Z,7,en,2017-08-31T14:46:41Z,41,male,bachelor/master degree bachelor/master degree,3,4,4,3,2,4,4,5,4,5,3.888888888888889,4,4,5,2,4,5,4,3,4,4,4,5,5,5,5,5,5,2,5,2,2,6,5,4,4,5,5,3,5,5,2,4,4,2,4,4,4,4,2,2,3,3,3,3,5,3,3,4,2,3,4,4.2,5,3.6666666666666665,4.25,3.75,United States,Pennsylvania
320,2017-08-31T14:56:56Z,7,en,2017-08-31T14:47:16Z,29,male,high school graduate high school graduate,2,6,6,5,6,6,2,5,2,5,4.777777777777778,6,6,6,6,6,5,5,6,3,6,5,5,6,3,3,7,6,6,7,5,5,5,6,6,6,6,6,6,3,6,2,4,2,4,2,2,2,5,5,4,5,3,5,3,5,5,2,3.5,4.5,3,3,5.733333333333333,4.25,5.666666666666667,5.75,5,United States,New York
322,2017-08-31T14:55:51Z,7,en,2017-08-31T14:48:09Z,47,male,high school graduate high school graduate,2,5,5,6,5,5,5,5,5,6,5.222222222222222,6,5,5,5,5,3,4,4,6,6,6,6,6,6,5,6,6,5,6,4,7,6,6,6,6,6,7,7,7,6,1,2,4,1,5,1,3,4,2,5,6,6,2,4,6,4,1,4,1.5,5,2.5,6.066666666666666,5.75,4.666666666666667,4.75,5.5,United States,NA
323,2017-08-31T14:57:00Z,7,en,2017-08-31T14:48:27Z,24,female,bachelor/master degree bachelor/master degree,3,2,2,3,4,3,2,3,3,4,2.888888888888889,5,5,4,4,4,4,3,2,2,2,5,5,3,5,2,2,4,2,5,1,1,2,3,3,3,3,2,2,5,6,2,1,2,2,4,2,2,4,4,4,3,3,6,5,2,2,2,3,3,4,1.5,2.933333333333333,3.75,4.333333333333333,4,2.75,United States,Ohio
324,2017-08-31T15:16:35Z,7,en,2017-08-31T14:48:28Z,53,female,high school graduate high school graduate,2,4,5,4,5,5,6,5,5,5,4.888888888888889,4,5,5,5,5,5,4,3,2,4,4,2,5,4,7,4,5,2,3,2,1,5,4,4,3,5,6,3,7,5,2,4,5,2,4,4,5,5,3,2,5,5,2,6,6,3,3,5,2.5,3,4.5,3.933333333333333,4.5,4.666666666666667,4.75,3.25,United States,Kansas
325,2017-08-31T14:59:11Z,7,en,2017-08-31T14:48:29Z,68,male,bachelor/master degree bachelor/master degree,3,3,3,3,5,5,2,5,4,4,3.7777777777777777,2,2,2,4,3,5,4,2,3,3,3,7,4,7,4,5,2,3,3,3,1,2,3,2,2,2,3,2,5,2,2,4,5,2,5,3,5,5,1,5,2,2,2,4,3,2,2.5,5,1.5,5,4.5,2.6666666666666665,5.5,3.6666666666666665,2.75,2.75,United States,North Carolina
326,2017-08-31T14:56:05Z,7,en,2017-08-31T14:49:16Z,34,male,high school graduate high school graduate,2,3,4,3,4,3,3,3,3,4,3.3333333333333335,4,4,4,4,4,5,1,3,4,4,4,4,6,3,5,4,5,3,4,4,3,2,4,3,5,5,5,5,4,6,2,4,4,2,3,4,3,4,3,4,5,4,5,4,4,5,3,4,2.5,3.5,3.5,4.133333333333334,4.5,4.333333333333333,3.25,3.75,United States,Pennsylvania
327,2017-08-31T14:58:42Z,7,en,2017-08-31T14:50:37Z,36,male,bachelor/master degree bachelor/master degree,3,5,6,5,5,6,4,5,4,6,5.111111111111111,6,5,4,4,4,4,4,5,2,5,2,6,7,6,5,6,6,2,5,2,2,6,5,5,6,5,5,5,2,4,5,4,4,1,3,4,3,5,2,5,6,6,5,5,4,6,4.5,4.5,1.5,4,3.5,4.4,6,4.666666666666667,4.25,3.5,United States,New Jersey
330,2017-08-31T14:57:15Z,7,en,2017-08-31T14:51:04Z,31,male,bachelor/master degree bachelor/master degree,3,3,4,6,4,5,3,2,3,4,3.7777777777777777,5,4,4,5,5,5,4,1,1,3,4,5,6,6,6,1,6,1,4,2,1,2,4,2,2,2,1,1,7,7,2,4,5,1,4,2,2,5,1,2,5,3,5,5,4,1,2,5,1,3,3,2.8666666666666667,5.75,5,4.25,2.25,United States,Massachusetts
332,2017-08-31T14:59:58Z,7,en,2017-08-31T14:51:39Z,33,male,high school graduate high school graduate,2,4,4,2,4,3,1,1,2,3,2.6666666666666665,4,5,5,5,5,4,4,1,1,2,3,2,2,3,2,1,4,1,1,1,1,1,1,3,1,2,1,1,4,5,1,1,4,2,5,2,1,5,4,5,5,3,7,4,2,2,1.5,4.5,3,5,1,1.8666666666666667,2.25,4.333333333333333,4.75,1.75,United States,New Jersey
333,2017-08-31T15:04:44Z,7,en,2017-08-31T14:51:57Z,49,female,high school graduate high school graduate,2,4,5,5,5,5,4,4,5,5,4.666666666666667,4,4,4,5,4,4,4,4,3,5,4,6,6,5,6,6,6,5,5,4,2,6,5,4,4,5,5,5,6,5,4,2,4,4,4,4,2,4,4,5,5,5,3,3,5,4,4,4,4,4.5,2,4.866666666666666,5.75,4.333333333333333,4,4,United States,Florida
334,2017-08-31T14:58:03Z,7,en,2017-08-31T14:51:58Z,56,male,bachelor/master degree bachelor/master degree,3,5,5,1,6,6,5,5,5,6,4.888888888888889,6,6,6,6,6,6,6,4,5,5,5,6,7,6,7,6,6,6,6,7,5,7,6,7,5,6,7,6,7,7,2,2,4,3,5,2,3,4,2,4,6,6,2,6,6,6,2,4,2.5,4.5,2.5,6.266666666666667,6.5,6,6,4.75,United States,Oklahoma
335,2017-08-31T14:55:36Z,7,en,2017-08-31T14:51:59Z,46,female,bachelor/master degree bachelor/master degree,3,1,1,1,1,1,1,1,1,1,1,1,1,1,1,1,1,1,1,1,1,1,1,4,1,3,1,1,1,1,1,1,1,1,1,1,1,1,1,1,7,2,4,5,2,5,4,5,4,1,4,1,1,1,1,1,1,3,4.5,1.5,4.5,4.5,1.4,2.25,1,1,1,United States,Pennsylvania
336,2017-08-31T15:05:05Z,7,en,2017-08-31T14:52:19Z,26,male,high school graduate high school graduate,2,4,5,4,6,6,5,5,4,5,4.888888888888889,5,5,5,5,4,5,4,5,4,5,5,5,4,5,5,6,6,6,7,5,6,5,6,6,6,6,7,6,7,6,2,3,4,2,4,3,3,4,3,4,6,6,2,6,5,4,2.5,4,2.5,4,3,6.066666666666666,4.75,5,4.5,4.75,United States,Michigan
337,2017-08-31T15:00:00Z,7,en,2017-08-31T14:52:22Z,30,male,higher than master (e.g. PhD) higher than master (e.g. PhD),4,5,5,5,5,5,5,5,5,5,5,5,5,5,5,5,3,4,4,4,5,5,5,6,5,4,6,6,6,6,6,6,6,6,6,6,6,6,6,6,5,2,4,4,2,4,4,4,4,3,4,6,6,2,5,6,5,3,4,2.5,4,4,5.933333333333334,5,4.333333333333333,4.75,4.5,United States,Michigan
338,2017-08-31T14:58:53Z,7,en,2017-08-31T14:52:38Z,47,male,bachelor/master degree bachelor/master degree,3,5,5,3,5,5,4,4,4,5,4.444444444444445,5,5,5,5,5,5,4,5,4,5,5,6,5,6,6,6,6,4,5,4,5,6,6,6,6,6,6,4,6,6,2,4,4,3,3,2,3,4,2,4,6,6,2,5,6,6,2,4,2.5,3.5,3.5,5.466666666666667,5.75,5,4.75,4.75,United States,Virginia
339,2017-08-31T15:02:49Z,7,en,2017-08-31T14:52:43Z,45,female,high school graduate high school graduate,2,4,2,6,4,4,4,4,4,4,4,5,6,4,6,5,1,4,2,1,2,3,5,5,3,7,7,2,3,5,6,1,5,4,5,4,4,1,1,1,4,4,5,5,1,5,4,5,5,2,4,1,5,1,5,6,6,4,5,1.5,4.5,5,3.533333333333333,5,4,4.75,2,United States,Georgia
340,2017-08-31T14:56:41Z,7,en,2017-08-31T14:52:45Z,38,male,bachelor/master degree bachelor/master degree,3,4,3,3,5,4,3,4,4,3,3.6666666666666665,3,4,2,3,4,2,4,2,3,4,3,5,4,4,3,4,4,5,4,4,5,4,3,5,4,4,4,4,3,4,4,2,3,3,3,3,2,4,3,4,4,4,4,4,5,4,3.5,3.5,3,3.5,2,4.066666666666666,4,2.6666666666666665,3.5,3,United States,New Jersey
342,2017-08-31T15:04:29Z,7,en,2017-08-31T14:52:58Z,52,female,high school graduate high school graduate,2,1,4,1,2,2,1,1,1,1,1.5555555555555556,1,1,1,1,1,1,2,1,1,1,1,3,1,3,4,2,1,1,1,1,1,1,1,3,1,1,1,1,2,2,2,2,5,1,4,1,4,5,1,4,1,3,6,1,1,1,1.5,5,1,4,3,1.3333333333333333,2.75,1,1.25,1,United States,North Carolina
343,2017-08-31T15:09:26Z,7,en,2017-08-31T14:53:19Z,57,female,high school graduate high school graduate,2,5,5,3,4,5,5,5,5,4,4.555555555555555,4,5,4,5,2,5,5,3,4,6,6,6,6,6,6,6,6,3,6,4,2,2,6,5,5,6,3,2,3,6,2,4,5,1,2,4,5,4,2,4,3,6,2,5,6,6,3,4.5,1.5,3,4.5,4.333333333333333,6,4.666666666666667,4,4.75,United States,Pennsylvania
345,2017-08-31T15:00:38Z,7,en,2017-08-31T14:54:21Z,27,female,high school graduate high school graduate,2,3,2,3,4,4,4,4,1,4,3.2222222222222223,6,4,2,4,2,3,1,2,3,3,3,5,7,5,7,4,4,1,7,4,1,1,2,2,2,4,1,1,5,6,5,1,5,5,5,5,2,4,4,5,3,6,2,1,1,1,5,4.5,4.5,5,1.5,3,6,4.333333333333333,2.25,2.75,United States,Georgia
347,1582-10-14T00:16:39Z,6,en,2017-08-31T14:54:22Z,22,female,high school graduate high school graduate,2,3,4,4,3,3,2,2,2,4,3,4,3,4,4,4,4,3,3,3,3,3,3,3,4,4,2,5,3,3,4,1,3,2,3,3,3,1,3,3,5,2,4,4,4,1,4,3,4,3,4,3,3,3,3,3,2,3,4,3.5,2.5,3.5,2.933333333333333,3.5,4,3.5,3,United States,Oklahoma
349,2017-08-31T15:06:16Z,7,en,2017-08-31T14:56:55Z,36,female,high school graduate high school graduate,2,2,4,3,4,4,3,2,3,4,3.2222222222222223,4,4,4,4,5,4,3,2,2,2,2,4,4,4,7,3,2,2,5,4,1,2,2,5,5,5,1,2,3,5,2,3,4,2,4,2,4,4,2,3,5,4,6,2,5,1,2,4,2,3.5,3.5,3.1333333333333333,4.75,4,4,2,United States,Michigan
351,2017-08-31T15:03:26Z,7,en,2017-08-31T14:57:26Z,36,female,bachelor/master degree bachelor/master degree,3,1,1,2,1,2,1,1,1,1,1.2222222222222223,3,1,1,3,3,2,2,1,1,1,1,1,1,1,4,1,1,1,1,1,1,1,1,1,2,1,1,1,4,2,2,5,5,3,1,1,3,3,2,4,4,2,7,3,2,1,1.5,4,2.5,2.5,4,1.3333333333333333,1.75,2.6666666666666665,1.75,1,United States,Pennsylvania
352,2017-08-31T15:07:51Z,7,en,2017-08-31T14:57:48Z,53,female,bachelor/master degree bachelor/master degree,3,3,4,4,4,5,3,2,2,5,3.5555555555555554,4,4,3,4,3,4,2,2,3,4,5,5,2,4,5,5,2,1,2,4,2,2,5,4,3,6,1,1,6,2,1,4,2,4,5,3,2,5,5,5,3,4,6,5,2,4,2,3.5,4.5,5,3,3.066666666666667,4,4,3,3.5,United States,Michigan
353,2017-08-31T15:16:29Z,7,en,2017-08-31T14:58:27Z,73,female,less than high school less than high school,1,5,6,6,6,6,6,6,5,6,5.777777777777778,5,5,5,6,5,5,5,3,2,5,6,3,6,4,5,6,7,2,2,3,6,6,6,6,4,5,6,2,6,6,2,4,5,2,3,2,5,5,2,4,6,3,2,5,5,1,2,5,2,3.5,4.5,4.866666666666666,4.5,5.333333333333333,5,4,United States,Arizona
354,2017-08-31T15:19:42Z,7,en,2017-08-31T14:58:37Z,46,female,high school graduate high school graduate,2,4,2,5,3,4,2,2,2,4,3.111111111111111,4,3,2,4,4,3,4,4,2,3,3,4,1,4,5,2,1,1,1,4,2,1,1,4,2,2,1,1,4,1,2,5,5,4,3,5,3,5,4,4,2,4,5,4,3,4,3.5,5,4,3.5,4,1.8666666666666667,3.5,3.6666666666666665,3.25,3,United States,New Jersey
356,2017-08-31T15:07:53Z,7,en,2017-08-31T14:59:16Z,40,male,bachelor/master degree bachelor/master degree,3,6,6,5,5,6,6,5,5,5,5.444444444444445,6,5,5,6,6,6,4,4,6,6,6,6,5,5,5,7,7,6,6,6,5,5,7,7,7,7,7,7,6,7,2,4,3,1,5,3,4,4,1,5,6,4,1,6,7,5,2.5,3.5,1,5,4,6.466666666666667,5.25,6,5,5.5,United States,North Carolina
357,2017-08-31T15:05:22Z,7,en,2017-08-31T15:00:14Z,24,male,bachelor/master degree bachelor/master degree,3,5,5,5,4,5,5,5,4,5,4.777777777777778,5,5,5,5,5,4,5,5,5,5,5,3,5,5,5,6,5,5,5,6,5,6,5,5,5,6,4,6,6,6,1,4,2,2,2,1,4,4,5,4,6,6,3,6,6,3,1,3,3.5,3,4,5.4,4.5,4.666666666666667,5,5,United States,California
358,2017-08-31T15:08:32Z,7,en,2017-08-31T15:00:14Z,33,male,bachelor/master degree bachelor/master degree,3,5,6,5,6,6,6,6,5,6,5.666666666666667,6,6,6,6,6,6,6,5,6,6,6,7,7,7,7,7,7,7,7,7,7,7,7,7,7,7,7,7,7,7,4,1,5,1,5,4,4,5,1,5,7,7,1,4,7,6,4,5,1,5,2.5,7,7,6,6,5.75,United States,Florida
359,2017-08-31T15:16:14Z,7,en,2017-08-31T15:00:26Z,37,male,high school graduate high school graduate,2,4,4,2,4,4,3,4,3,2,3.3333333333333335,4,5,3,5,5,4,2,1,1,4,4,2,7,2,7,4,4,1,5,1,1,2,1,4,3,4,1,1,4,4,1,1,2,2,5,1,3,4,1,5,2,5,3,2,4,1,1,3,1.5,5,2,2.6666666666666665,4.5,4.333333333333333,3.75,2.5,United States,NA
361,2017-08-31T15:05:21Z,7,en,2017-08-31T15:00:37Z,27,male,higher than master (e.g. PhD) higher than master (e.g. PhD),4,4,3,4,2,2,6,3,4,4,3.5555555555555554,2,2,6,1,1,5,1,3,2,1,6,4,5,2,5,3,5,2,1,1,1,6,3,4,2,2,1,4,5,6,2,3,2,4,5,1,5,2,3,3,3,2,2,1,1,4,1.5,2,3.5,4,4,3.066666666666667,4,2.6666666666666665,2.5,3,United States,New York
362,2017-08-31T15:15:13Z,7,en,2017-08-31T15:01:08Z,54,female,high school graduate high school graduate,2,4,2,3,3,4,5,5,3,5,3.7777777777777777,3,4,5,5,4,5,3,2,2,3,4,4,6,6,6,5,2,1,2,2,1,5,3,4,2,5,4,1,4,5,2,3,5,1,5,3,3,5,1,5,4,5,3,5,5,2,2.5,5,1,5,3,3.066666666666667,5.5,4.333333333333333,4,2.75,United States,New Jersey
363,2017-08-31T15:21:28Z,7,en,2017-08-31T15:01:23Z,29,male,bachelor/master degree bachelor/master degree,3,4,4,4,4,4,3,5,3,5,4,4,3,3,3,3,3,3,4,4,3,3,5,3,4,5,5,3,4,3,4,2,4,4,4,3,4,5,4,5,4,3,4,4,2,4,4,3,4,3,3,4,5,4,5,3,4,3.5,4,2.5,3.5,3.5,3.8666666666666667,4.25,3.3333333333333335,3,3.5,United States,Oklahoma
364,2017-08-31T15:08:10Z,7,en,2017-08-31T15:01:29Z,38,female,bachelor/master degree bachelor/master degree,3,2,3,6,4,4,4,3,3,5,3.7777777777777777,4,5,3,5,5,4,4,1,2,3,4,4,5,4,6,4,5,1,3,4,2,4,4,4,2,3,4,1,6,5,2,4,3,3,2,2,5,4,4,2,3,2,3,3,4,3,2,3.5,3.5,2,4.5,3.466666666666667,4.75,4.333333333333333,4.25,2.5,United States,North Carolina
365,2017-08-31T15:07:09Z,7,en,2017-08-31T15:01:42Z,31,female,higher than master (e.g. PhD) higher than master (e.g. PhD),4,4,4,5,4,3,3,4,3,5,3.888888888888889,4,6,4,4,4,4,4,3,3,4,5,7,7,7,7,4,6,2,5,2,2,6,5,5,3,5,5,5,6,6,4,2,5,4,5,4,2,4,5,2,6,5,3,5,5,6,4,4.5,4.5,3.5,2,4.466666666666667,7,4,4.5,3.75,United States,Colorado
366,2017-08-31T15:08:58Z,7,en,2017-08-31T15:02:15Z,41,male,high school graduate high school graduate,2,1,4,3,4,4,4,4,3,4,3.4444444444444446,4,5,5,5,5,5,5,1,1,1,2,1,5,1,2,5,5,1,5,4,1,5,4,6,3,5,5,2,6,6,5,1,4,3,3,5,3,4,1,5,6,5,4,4,4,3,5,4,2,4,2,4.2,2.25,4.666666666666667,5,1.25,United States,Tennessee
367,2017-08-31T15:11:22Z,7,en,2017-08-31T15:02:31Z,33,female,bachelor/master degree bachelor/master degree,3,2,2,4,4,4,1,1,3,5,2.888888888888889,5,3,2,5,5,3,3,2,2,3,3,5,2,6,5,2,2,1,2,3,1,2,2,3,2,2,1,2,6,3,1,4,4,2,1,2,4,4,2,2,2,2,6,4,2,2,1.5,4,2,1.5,4,2.2666666666666666,4.5,4.333333333333333,3.25,2.5,United States,Minnesota
368,2017-08-31T15:12:04Z,7,en,2017-08-31T15:03:10Z,29,female,high school graduate high school graduate,2,4,4,4,4,3,2,3,1,3,3.111111111111111,3,4,4,4,3,3,2,2,1,3,3,4,3,4,4,1,3,1,2,1,1,2,2,3,1,1,1,2,2,3,4,4,3,3,5,4,4,4,2,4,2,2,5,2,3,1,4,3.5,2.5,4.5,4,1.7333333333333334,3.75,3.3333333333333335,3.25,2.25,United States,California
369,2017-08-31T15:24:48Z,7,en,2017-08-31T15:05:43Z,46,male,high school graduate high school graduate,2,6,6,6,6,6,2,2,4,6,4.888888888888889,5,6,6,6,6,6,6,5,1,5,6,2,1,2,1,1,2,4,6,4,1,1,4,5,5,7,2,5,6,7,4,4,2,1,2,4,2,4,1,5,7,6,3,5,6,5,4,3,1,3.5,3,4,1.5,5.666666666666667,6,4.25,United States,Arizona
373,2017-08-31T15:36:05Z,7,en,2017-08-31T15:32:24Z,31,female,high school graduate high school graduate,2,2,4,5,3,3,3,3,4,3,3.3333333333333335,5,2,1,3,3,3,4,5,4,4,4,4,4,4,4,5,3,4,4,5,1,4,4,3,3,3,3,3,4,3,2,5,4,1,1,3,2,4,5,5,4,5,3,5,3,4,2.5,4,3,3,3.5,3.466666666666667,4,3.6666666666666665,2.5,4.25,United States,Virginia
375,2017-08-31T20:14:13Z,7,en,2017-08-31T20:09:38Z,25,male,high school graduate high school graduate,2,3,3,4,5,3,2,3,4,4,3.4444444444444446,4,2,4,2,2,3,2,4,2,2,5,3,4,4,5,3,4,4,3,3,5,6,3,4,3,3,6,7,3,2,1,4,2,2,1,1,4,3,2,4,2,3,4,3,3,5,1,2.5,2,2.5,4,3.933333333333333,4,3,2.5,3.25,United States,Missouri
377,2017-08-31T20:25:53Z,7,en,2017-08-31T20:11:30Z,50,female,high school graduate high school graduate,2,4,4,6,3,4,5,5,4,5,4.444444444444445,4,5,3,4,4,3,3,1,1,1,2,4,6,4,6,6,5,1,1,6,1,4,3,2,1,4,1,1,4,3,2,5,5,1,4,4,5,5,2,4,4,4,5,5,3,2,3,5,1.5,4,5,2.8666666666666667,5,3.6666666666666665,3.75,1.25,United States,Arizona
379,2017-08-31T20:21:43Z,7,en,2017-08-31T20:11:46Z,27,female,high school graduate high school graduate,2,2,2,3,5,5,3,4,3,5,3.5555555555555554,5,3,3,4,5,4,4,6,5,4,3,4,5,4,5,5,5,3,2,5,2,6,3,4,1,4,1,3,5,4,4,4,4,2,2,5,5,4,2,4,4,2,3,3,3,4,4.5,4,2,3,4.5,3.533333333333333,4.5,4.333333333333333,3.75,4.5,United States,New Jersey
380,2017-08-31T20:16:25Z,7,en,2017-08-31T20:11:47Z,31,female,bachelor/master degree bachelor/master degree,3,5,5,3,2,3,5,5,2,3,3.6666666666666665,5,2,2,2,3,2,2,2,2,4,5,4,4,4,4,2,4,6,2,6,3,6,6,2,6,3,2,5,2,3,2,2,2,4,4,4,2,2,3,2,5,6,3,6,4,5,3,2,3.5,3,2,3.8666666666666667,4,3,2.25,3.25,United States,Alabama
381,2017-08-31T20:18:57Z,7,en,2017-08-31T20:12:24Z,45,male,bachelor/master degree bachelor/master degree,3,5,5,4,5,5,4,4,3,5,4.444444444444445,5,6,6,5,5,4,3,4,5,5,6,3,4,4,3,6,6,7,6,1,5,5,5,6,6,6,7,6,7,6,5,4,2,3,2,5,3,2,3,5,5,6,3,3,6,6,5,2,3,3.5,3.5,5.666666666666667,3.5,4.666666666666667,5,5,United States,New Jersey
382,2017-08-31T20:21:56Z,7,en,2017-08-31T20:15:36Z,33,male,bachelor/master degree bachelor/master degree,3,4,5,2,4,4,5,5,2,5,4,4,4,4,5,5,5,3,4,4,5,5,6,6,5,6,6,6,5,6,6,4,6,5,6,6,6,7,5,6,6,1,4,4,1,5,3,5,5,4,5,2,5,2,6,6,5,2,4.5,2.5,5,4.5,5.733333333333333,5.75,4.666666666666667,4,4.5,United States,New York
385,2017-08-31T20:49:09Z,7,en,2017-08-31T20:39:12Z,35,male,high school graduate high school graduate,2,4,5,2,6,6,6,6,6,6,5.222222222222222,6,5,6,6,6,6,5,4,5,6,6,7,7,6,6,6,7,5,5,5,5,5,6,6,5,6,3,6,7,7,4,5,4,1,5,5,4,4,1,5,3,6,3,5,6,1,4.5,4,1,5,4.5,5.6,6.5,6,5.5,5.25,United States,NA
387,2017-08-31T20:54:16Z,7,en,2017-08-31T20:44:39Z,56,male,bachelor/master degree bachelor/master degree,3,1,1,6,2,2,2,2,2,2,2.2222222222222223,2,4,4,4,3,4,4,1,1,1,2,4,5,4,4,2,3,1,4,1,1,1,1,2,2,2,1,1,2,5,1,4,5,1,1,2,4,5,2,2,1,1,6,4,2,2,1.5,5,1.5,1.5,4,1.9333333333333333,4.25,3.3333333333333335,3.75,1.25,United States,Colorado
388,2017-08-31T20:53:08Z,7,en,2017-08-31T20:45:02Z,51,male,bachelor/master degree bachelor/master degree,3,5,5,4,4,4,2,2,2,5,3.6666666666666665,5,5,3,5,5,3,2,4,5,5,5,2,2,3,3,3,2,4,3,3,4,5,4,6,5,6,6,3,6,4,2,2,4,3,4,1,2,5,4,3,3,3,2,5,5,2,1.5,4.5,3.5,3.5,2,4.266666666666667,2.5,4.333333333333333,3.75,4.75,United States,North Carolina
389,2017-09-01T00:59:43Z,7,en,2017-09-01T00:54:25Z,22,male,bachelor/master degree bachelor/master degree,3,5,5,5,4,4,2,5,4,5,4.333333333333333,5,4,3,5,5,3,4,2,1,4,4,5,5,7,5,5,5,5,6,6,2,6,4,2,3,4,4,5,4,3,4,4,4,4,4,5,1,4,2,4,5,6,6,6,5,5,4.5,4,3,4,2.5,4.266666666666667,5.5,4.333333333333333,4,2.75,United States,Maryland
